index,publishedAt,sentiment,type
0,2017-12-13T00:44:00Z,0.4767,news
1,2017-12-13T12:00:00Z,-0.3182,news
2,2017-12-13T12:31:17Z,0,news
3,2017-12-13T19:35:00Z,-0.7783,news
4,2017-12-13T14:04:44Z,0.0516,news
5,2017-12-13T03:25:53Z,0.1531,news
6,2017-12-13T15:33:41Z,-0.1027,news
7,2017-12-13T03:06:44Z,-0.9509,news
8,2017-12-13T10:14:02Z,0.7096,news
9,2017-12-13T22:58:40Z,0,news
10,2017-12-13T14:56:30Z,-0.6486,news
11,2017-12-13T20:59:33Z,0,news
12,2017-12-13T01:45:10Z,0.8934,news
13,2017-12-13T16:46:33Z,0.9062,news
14,2017-12-13T05:24:19Z,0.1496,news
15,2017-12-13T17:00:00Z,-0.5574,news
16,2017-12-13T18:02:46Z,0.4019,news
17,2017-12-13T04:11:38Z,0.7819,news
18,2017-12-13T12:01:24Z,0.5267,news
19,2017-12-13T18:16:14Z,-0.5616,news
0,2017-12-14T11:20:00Z,0.2481,news
1,2017-12-14T13:22:00Z,0.4939,news
2,2017-12-15T00:00:00Z,-0.8074,news
3,2017-12-14T13:15:50Z,-0.3182,news
4,2017-12-14T00:52:35Z,0.0679,news
5,2017-12-14T23:55:23Z,-0.1779,news
6,2017-12-14T19:37:57Z,-0.3818,news
7,2017-12-14T22:33:15Z,-0.4588,news
8,2017-12-14T01:08:30Z,-0.9201,news
9,2017-12-14T16:00:29Z,0.7778,news
10,2017-12-14T18:58:27Z,-0.3956,news
11,2017-12-14T23:37:42Z,0.6369,news
12,2017-12-14T21:31:55Z,-0.8735,news
13,2017-12-14T10:47:06Z,0.6801,news
14,2017-12-14T23:31:29Z,0.3818,news
15,2017-12-14T10:45:20Z,0.4939,news
16,2017-12-14T01:45:58Z,-0.6597,news
17,2017-12-14T10:28:43Z,-0.5267,news
18,2017-12-14T10:00:31Z,0.4404,news
19,2017-12-14T20:50:07Z,-0.765,news
0,2017-12-15T15:00:00Z,-0.1779,news
1,2017-12-15T16:00:00Z,-0.6486,news
2,2017-12-15T20:05:18Z,0.8126,news
3,2017-12-15T15:55:00Z,0.4549,news
4,2017-12-15T20:10:00Z,0.8268,news
5,2017-12-15T15:13:00Z,0.7906,news
6,2017-12-15T00:00:00Z,-0.8074,news
7,2017-12-15T19:59:00Z,0.8225,news
8,2017-12-15T15:14:35Z,-0.7717,news
9,2017-12-15T17:57:34Z,0.296,news
10,2017-12-15T10:45:19Z,0.836,news
11,2017-12-15T21:37:49Z,-0.099,news
12,2017-12-15T14:17:51Z,-0.3818,news
13,2017-12-15T10:45:15Z,-0.1779,news
14,2017-12-15T02:16:31Z,-0.8555,news
15,2017-12-15T23:09:36Z,0.4019,news
16,2017-12-15T10:34:18Z,-0.25,news
17,2017-12-15T15:17:01Z,0.91,news
18,2017-12-15T02:52:19Z,-0.2732,news
19,2017-12-15T10:02:26Z,0,news
0,2017-12-16T22:06:00Z,-0.3641,news
1,2017-12-16T01:06:23Z,0.5267,news
2,2017-12-16T16:52:45Z,0.0258,news
3,2017-12-16T17:06:03Z,0.7096,news
4,2017-12-16T00:45:55Z,0.3382,news
5,2017-12-16T02:46:10Z,-0.7003,news
6,2017-12-16T17:00:00Z,-0.7264,news
7,2017-12-16T15:00:00Z,0.4076,news
8,2017-12-16T19:30:01Z,-0.5256,news
9,2017-12-16T01:13:52Z,0.6249,news
10,2017-12-16T17:58:07Z,0.8519,news
11,2017-12-16T17:11:12Z,-0.6369,news
12,2017-12-16T22:12:35Z,0.4019,news
13,2017-12-16T21:42:36Z,0.7506,news
14,2017-12-16T19:32:55Z,0.9136,news
15,2017-12-16T19:06:31Z,0.5423,news
16,2017-12-16T03:29:36Z,-0.8402,news
17,2017-12-16T14:00:03Z,-0.399,news
18,2017-12-16T18:00:00Z,-0.6801,news
19,2017-12-16T21:41:13Z,-0.3506,news
0,2017-12-17T20:30:00Z,0,news
1,2017-12-17T11:00:40Z,0.2023,news
2,2017-12-17T09:07:24Z,0.128,news
3,2017-12-17T17:29:26Z,-0.2263,news
4,2017-12-17T17:30:00Z,-0.5192,news
5,2017-12-17T11:47:41Z,0.7665,news
6,2017-12-17T22:06:19Z,-0.886,news
7,2017-12-17T19:31:21Z,0,news
8,2017-12-17T16:49:45Z,-0.9022,news
9,2017-12-17T14:41:07Z,-0.1098,news
10,2017-12-17T07:34:54Z,-0.7717,news
11,2017-12-17T22:52:55Z,0.4767,news
12,2017-12-17T22:44:30Z,0.8162,news
13,2017-12-17T18:38:19Z,0.5423,news
14,2017-12-17T21:21:16Z,0.6486,news
15,2017-12-17T12:51:10Z,0.5267,news
16,2017-12-17T15:13:25Z,0.6336,news
17,2017-12-17T17:02:25Z,0.3818,news
18,2017-12-17T07:53:12Z,-0.7003,news
19,2017-12-17T07:46:00Z,-0.8555,news
0,2017-12-18T22:16:00Z,-0.4588,news
1,2017-12-18T19:51:00Z,-0.8749,news
2,2017-12-18T19:23:00Z,0,news
3,2017-12-18T20:50:00Z,-0.7845,news
4,2017-12-18T22:55:00Z,0.7351,news
5,2017-12-18T10:45:14Z,-0.4767,news
6,2017-12-18T21:46:28Z,0,news
7,2017-12-18T10:45:13Z,0,news
8,2017-12-18T05:04:43Z,0,news
9,2017-12-18T01:16:06Z,-0.1531,news
10,2017-12-18T10:47:47Z,-0.6705,news
11,2017-12-18T20:44:06Z,0.0918,news
12,2017-12-18T15:26:45Z,-0.4588,news
13,2017-12-18T21:08:53Z,0.8402,news
14,2017-12-18T19:35:26Z,0.7579,news
15,2017-12-18T00:58:50Z,0,news
16,2017-12-18T23:19:26Z,0,news
17,2017-12-18T11:03:33Z,0.5994,news
18,2017-12-18T10:00:14Z,-0.4767,news
19,2017-12-18T10:54:49Z,-0.2732,news
0,2017-12-19T14:30:00Z,-0.0671,news
1,2017-12-19T04:57:00Z,0.0772,news
2,2017-12-19T19:33:56Z,-0.3182,news
3,2017-12-19T20:10:53Z,-0.128,news
4,2017-12-19T14:31:59Z,0.5859,news
5,2017-12-19T16:51:40Z,0.7579,news
6,2017-12-19T17:15:00Z,0.5267,news
7,2017-12-19T18:45:00Z,0.4215,news
8,2017-12-19T04:30:00Z,-0.8591,news
9,2017-12-19T00:45:00Z,-0.8555,news
10,2017-12-19T01:55:00Z,-0.5267,news
11,2017-12-19T00:19:18Z,-0.4019,news
12,2017-12-19T16:58:18Z,0.1027,news
13,2017-12-19T02:51:03Z,0,news
14,2017-12-19T22:11:22Z,-0.7003,news
15,2017-12-19T20:07:10Z,-0.2263,news
16,2017-12-19T22:00:53Z,0.8873,news
17,2017-12-19T11:58:08Z,0.5574,news
18,2017-12-19T14:09:27Z,-0.5719,news
19,2017-12-19T19:24:21Z,0.6486,news
0,2017-12-20T17:30:00Z,0.5521,news
1,2017-12-20T21:00:00Z,0.9153,news
2,2017-12-20T13:01:00Z,-0.6124,news
3,2017-12-20T03:30:00Z,-0.4767,news
4,2017-12-20T21:30:00Z,-0.5965,news
5,2017-12-20T22:25:00Z,-0.4588,news
6,2017-12-20T20:10:00Z,0.4404,news
7,2017-12-20T19:33:57Z,-0.5859,news
8,2017-12-20T11:17:35Z,-0.3535,news
9,2017-12-20T23:10:28Z,0.4019,news
10,2017-12-20T10:00:20Z,0.4019,news
11,2017-12-20T18:23:05Z,-0.5719,news
12,2017-12-20T20:02:24Z,0.4019,news
13,2017-12-20T02:05:50Z,-0.8316,news
14,2017-12-20T18:00:24Z,0.8225,news
15,2017-12-20T17:18:15Z,-0.8591,news
16,2017-12-20T21:55:13Z,0.8147,news
17,2017-12-20T01:00:26Z,0.9118,news
18,2017-12-20T10:28:59Z,0.6369,news
19,2017-12-20T01:09:16Z,0.7783,news
0,2017-12-21T11:00:00Z,0.8975,news
1,2017-12-21T13:00:00Z,-0.126,news
2,2017-12-21T13:00:00Z,0.4588,news
3,2017-12-21T19:10:00Z,-0.93,news
4,2017-12-21T05:51:40Z,0.7003,news
5,2017-12-21T21:18:27Z,0.3804,news
6,2017-12-21T15:52:53Z,-0.4767,news
7,2017-12-21T19:29:22Z,-0.6808,news
8,2017-12-21T00:08:13Z,0.128,news
9,2017-12-21T20:12:34Z,0.5859,news
10,2017-12-21T15:29:12Z,0.9062,news
11,2017-12-21T04:27:14Z,0.3818,news
12,2017-12-21T18:07:54Z,0.9823,news
13,2017-12-21T16:36:24Z,0.3804,news
14,2017-12-21T10:28:44Z,0,news
15,2017-12-21T10:05:28Z,0.8478,news
16,2017-12-21T23:28:04Z,0,news
17,2017-12-21T13:57:12Z,-0.3612,news
18,2017-12-21T05:19:02Z,0,news
19,2017-12-21T11:00:27Z,0.926,news
0,2017-12-22T14:10:00Z,0.6801,news
1,2017-12-22T19:25:00Z,-0.3612,news
2,2017-12-22T21:45:00Z,-0.0588,news
3,2017-12-22T10:45:01Z,0,news
4,2017-12-22T10:45:14Z,-0.4019,news
5,2017-12-22T01:35:43Z,-0.2263,news
6,2017-12-22T15:57:55Z,-0.128,news
7,2017-12-22T11:03:43Z,0.1531,news
8,2017-12-22T10:45:15Z,0.4404,news
9,2017-12-22T14:07:44Z,0.4939,news
10,2017-12-22T20:01:55Z,-0.34,news
11,2017-12-22T14:35:46Z,0.8307,news
12,2017-12-22T21:41:47Z,0.93,news
13,2017-12-22T16:54:59Z,-0.9571,news
14,2017-12-22T16:08:55Z,-0.6996,news
15,2017-12-22T21:01:12Z,-0.765,news
16,2017-12-22T22:57:18Z,0,news
17,2017-12-22T01:36:56Z,-0.8271,news
18,2017-12-22T00:25:43Z,0.0644,news
19,2017-12-22T10:17:08Z,0.6369,news
0,2017-12-23T21:00:00Z,0.7351,news
1,2017-12-23T00:59:00Z,0.2263,news
2,2017-12-23T12:00:00Z,0,news
3,2017-12-23T14:00:00Z,0.6369,news
4,2017-12-23T16:06:43Z,0.5106,news
5,2017-12-23T00:15:08Z,0.5927,news
6,2017-12-23T13:54:30Z,0.5106,news
7,2017-12-23T22:24:33Z,-0.6696,news
8,2017-12-23T04:00:52Z,0.7845,news
9,2017-12-23T01:29:13Z,0.836,news
10,2017-12-23T23:40:27Z,0.0258,news
11,2017-12-23T00:56:22Z,-0.7184,news
12,2017-12-23T03:26:41Z,-0.7525,news
13,2017-12-23T00:30:21Z,-0.1531,news
14,2017-12-23T03:15:18Z,0.6369,news
15,2017-12-23T17:15:11Z,-0.6369,news
16,2017-12-23T13:58:00Z,-0.1531,news
17,2017-12-23T07:00:15Z,0.6124,news
18,2017-12-23T12:01:10Z,0.2006,news
19,2017-12-23T10:00:10Z,-0.743,news
0,2017-12-24T14:00:00Z,0.2023,news
1,2017-12-24T21:14:58Z,-0.4939,news
2,2017-12-24T21:02:25Z,-0.743,news
3,2017-12-24T15:00:00Z,0.5187,news
4,2017-12-24T11:00:30Z,0.2023,news
5,2017-12-24T15:00:19Z,0.9485,news
6,2017-12-24T15:01:55Z,0.8658,news
7,2017-12-24T04:19:31Z,-0.128,news
8,2017-12-24T22:33:25Z,0.6908,news
9,2017-12-24T18:11:05Z,-0.5106,news
10,2017-12-24T02:12:46Z,-0.4588,news
11,2017-12-24T00:01:36Z,0.5574,news
12,2017-12-24T10:01:13Z,-0.4767,news
13,2017-12-24T09:00:46Z,0.2458,news
14,2017-12-24T13:15:08Z,-0.6908,news
15,2017-12-24T17:17:00Z,-0.4939,news
16,2017-12-24T20:35:06Z,-0.7717,news
17,2017-12-24T23:51:47Z,0.2023,news
18,2017-12-24T14:31:11Z,-0.128,news
19,2017-12-24T22:41:45Z,-0.8316,news
0,2017-12-25T20:00:00Z,0.6249,news
1,2017-12-25T11:00:28Z,-0.6249,news
2,2017-12-25T16:11:45Z,-0.9545,news
3,2017-12-25T19:18:41Z,0,news
4,2017-12-25T15:56:12Z,0,news
5,2017-12-25T11:50:24Z,-0.3182,news
6,2017-12-25T23:55:29Z,-0.4019,news
7,2017-12-25T08:22:57Z,0.4404,news
8,2017-12-25T01:08:02Z,0.0772,news
9,2017-12-25T11:50:45Z,0.3612,news
10,2017-12-25T00:33:23Z,0,news
11,2017-12-25T13:01:46Z,0,news
12,2017-12-25T23:14:42Z,-0.296,news
13,2017-12-25T13:11:48Z,-0.4019,news
14,2017-12-25T16:59:27Z,-0.9136,news
15,2017-12-25T21:15:38Z,0.6597,news
16,2017-12-25T21:36:59Z,0.7269,news
17,2017-12-25T00:39:00Z,0.2263,news
18,2017-12-25T19:54:05Z,0.9577,news
19,2017-12-25T10:32:00Z,0.5423,news
0,2017-12-26T10:00:02Z,-0.6597,news
1,2017-12-26T00:33:07Z,-0.5574,news
2,2017-12-26T09:30:00Z,-0.796,news
3,2017-12-26T23:56:25Z,0.8271,news
4,2017-12-26T19:11:39Z,0,news
5,2017-12-26T19:52:42Z,0.8834,news
6,2017-12-26T23:46:29Z,0.3612,news
7,2017-12-26T22:29:48Z,0,news
8,2017-12-26T15:03:30Z,-0.6124,news
9,2017-12-26T06:48:28Z,0.296,news
10,2017-12-26T15:00:51Z,-0.0717,news
11,2017-12-26T07:00:42Z,0.5983,news
12,2017-12-26T17:30:00Z,-0.7219,news
13,2017-12-26T15:02:00Z,0.7351,news
14,2017-12-26T14:58:17Z,-0.1027,news
15,2017-12-26T11:00:11Z,0.6369,news
16,2017-12-26T14:59:57Z,-0.946,news
17,2017-12-26T16:00:00Z,0.3182,news
18,2017-12-26T17:18:00Z,0.631,news
19,2017-12-26T14:11:19Z,-0.7351,news
0,2017-12-27T15:00:00Z,0.7713,news
1,2017-12-27T15:00:00Z,0,news
2,2017-12-27T16:20:56Z,-0.5859,news
3,2017-12-27T00:50:00Z,-0.6369,news
4,2017-12-27T23:35:00Z,-0.8255,news
5,2017-12-27T18:20:00Z,-0.8176,news
6,2017-12-27T13:15:00Z,0.7717,news
7,2017-12-27T11:00:14Z,-0.1779,news
8,2017-12-27T15:52:33Z,-0.5423,news
9,2017-12-27T12:19:14Z,0.1027,news
10,2017-12-27T10:00:44Z,0,news
11,2017-12-27T23:18:23Z,0.4939,news
12,2017-12-27T18:33:36Z,0,news
13,2017-12-27T01:00:24Z,0.1779,news
14,2017-12-27T22:00:35Z,0.5175,news
15,2017-12-27T20:28:54Z,0.5719,news
16,2017-12-27T21:23:12Z,-0.5423,news
17,2017-12-27T10:45:05Z,0.6369,news
18,2017-12-27T15:21:14Z,0.009,news
19,2017-12-27T10:11:51Z,0.0772,news
0,2017-12-28T12:00:00Z,-0.7574,news
1,2017-12-28T15:00:01Z,-0.128,news
2,2017-12-28T22:22:34Z,0.2732,news
3,2017-12-28T16:33:18Z,0,news
4,2017-12-28T19:00:17Z,0,news
5,2017-12-28T23:33:46Z,-0.8011,news
6,2017-12-28T19:45:25Z,-0.0258,news
7,2017-12-28T21:26:32Z,-0.5499,news
8,2017-12-28T15:08:50Z,0.4939,news
9,2017-12-28T02:51:57Z,-0.204,news
10,2017-12-28T00:03:21Z,0.296,news
11,2017-12-28T05:19:49Z,0,news
12,2017-12-28T19:39:08Z,0.4927,news
13,2017-12-28T18:48:49Z,-0.7003,news
14,2017-12-28T00:35:12Z,0,news
15,2017-12-28T16:47:32Z,0,news
16,2017-12-28T14:06:45Z,-0.0516,news
17,2017-12-28T02:57:48Z,-0.7717,news
18,2017-12-28T00:01:31Z,0.0772,news
19,2017-12-28T06:00:38Z,0.0258,news
0,2017-12-29T15:00:00Z,-0.1027,news
1,2017-12-29T21:20:00Z,-0.296,news
2,2017-12-29T22:45:00Z,-0.1027,news
3,2017-12-29T01:53:55Z,-0.4048,news
4,2017-12-29T02:08:34Z,-0.2263,news
5,2017-12-29T05:14:21Z,0,news
6,2017-12-29T10:46:13Z,0.5994,news
7,2017-12-29T04:41:53Z,0.7096,news
8,2017-12-29T01:38:44Z,-0.8591,news
9,2017-12-29T00:48:10Z,-0.5267,news
10,2017-12-29T10:00:26Z,0,news
11,2017-12-29T05:00:17Z,0.9274,news
12,2017-12-29T18:50:41Z,0.4091,news
13,2017-12-29T05:21:24Z,0.4404,news
14,2017-12-29T22:55:56Z,-0.1779,news
15,2017-12-29T01:12:47Z,-0.743,news
16,2017-12-29T22:26:29Z,0.7964,news
17,2017-12-29T09:30:00Z,0.6705,news
18,2017-12-29T19:32:13Z,0.9313,news
19,2017-12-29T18:18:27Z,-0.296,news
0,2017-12-30T18:00:00Z,0.5606,news
1,2017-12-30T12:00:00Z,-0.7964,news
2,2017-12-30T00:31:53Z,-0.2023,news
3,2017-12-30T17:46:08Z,-0.946,news
4,2017-12-30T17:04:29Z,0.8622,news
5,2017-12-30T16:32:27Z,0,news
6,2017-12-30T16:00:32Z,0.4767,news
7,2017-12-30T17:09:33Z,0.3182,news
8,2017-12-30T11:37:37Z,0.296,news
9,2017-12-30T19:39:59Z,-0.7184,news
10,2017-12-30T20:04:42Z,-0.2023,news
11,2017-12-30T01:45:42Z,-0.1431,news
12,2017-12-30T13:00:01Z,-0.9201,news
13,2017-12-30T19:35:53Z,0.0772,news
14,2017-12-30T01:26:53Z,-0.2263,news
15,2017-12-30T01:56:40Z,0.5719,news
16,2017-12-30T17:06:00Z,0.926,news
17,2017-12-30T15:50:15Z,-0.8885,news
18,2017-12-30T06:43:36Z,-0.6486,news
19,2017-12-30T13:00:12Z,0.5984,news
0,2017-12-31T12:00:00Z,-0.9062,news
1,2017-12-31T11:00:27Z,0.2023,news
2,2017-12-31T18:57:18Z,0.25,news
3,2017-12-31T21:24:53Z,0.3384,news
4,2017-12-31T14:28:30Z,0.3612,news
5,2017-12-31T00:04:35Z,0,news
6,2017-12-31T15:59:59Z,-0.25,news
7,2017-12-31T23:41:24Z,0,news
8,2017-12-31T17:35:28Z,0,news
9,2017-12-31T10:29:30Z,-0.4939,news
10,2017-12-31T07:25:56Z,-0.7184,news
11,2017-12-31T21:42:36Z,0.8225,news
12,2017-12-31T00:02:15Z,-0.296,news
13,2017-12-31T18:29:47Z,0.2123,news
14,2017-12-31T00:01:15Z,-0.6908,news
15,2017-12-31T16:05:40Z,-0.5187,news
16,2017-12-31T20:46:23Z,-0.296,news
17,2017-12-31T23:33:31Z,0.9524,news
18,2017-12-31T19:33:00Z,-0.5267,news
19,2017-12-31T22:07:30Z,-0.9313,news
0,2018-01-01T03:19:32Z,0,news
1,2018-01-01T19:04:56Z,0,news
2,2018-01-01T22:36:33Z,-0.8271,news
3,2018-01-01T04:09:09Z,0.0258,news
4,2018-01-01T10:03:36Z,-0.8154,news
5,2018-01-01T14:52:07Z,0.1531,news
6,2018-01-01T12:47:28Z,-0.1444,news
7,2018-01-01T19:30:00Z,-0.4019,news
8,2018-01-01T11:05:08Z,-0.1336,news
9,2018-01-01T18:29:52Z,-0.6369,news
10,2018-01-01T10:52:30Z,-0.9769,news
11,2018-01-01T17:00:01Z,-0.9231,news
12,2018-01-01T18:00:05Z,-0.2732,news
13,2018-01-01T11:23:16Z,-0.5994,news
14,2018-01-01T18:25:56Z,0.802,news
15,2018-01-01T02:13:42Z,-0.25,news
16,2018-01-01T05:00:00Z,-0.5267,news
17,2018-01-01T12:22:00Z,-0.8339,news
18,2018-01-01T21:19:04Z,0.3818,news
19,2018-01-01T08:48:18Z,0.5267,news
0,2018-01-02T17:33:00Z,-0.3818,news
1,2018-01-02T21:02:40Z,-0.5574,news
2,2018-01-02T23:15:12Z,0,news
3,2018-01-02T10:38:14Z,-0.0516,news
4,2018-01-02T17:04:08Z,0.9719,news
5,2018-01-02T19:42:02Z,0.4939,news
6,2018-01-02T18:50:44Z,-0.9638,news
7,2018-01-02T04:53:31Z,-0.886,news
8,2018-01-02T14:15:20Z,-0.2732,news
9,2018-01-02T19:08:40Z,0,news
10,2018-01-02T01:03:31Z,0.1027,news
11,2018-01-02T21:42:04Z,-0.8074,news
12,2018-01-02T20:13:56Z,0.0258,news
13,2018-01-02T11:08:24Z,0.6369,news
14,2018-01-02T13:00:44Z,0.765,news
15,2018-01-02T22:54:09Z,-0.25,news
16,2018-01-02T07:48:36Z,-0.886,news
17,2018-01-02T06:44:04Z,-0.7351,news
18,2018-01-02T06:51:12Z,-0.34,news
19,2018-01-02T06:00:20Z,0.4939,news
0,2018-01-03T16:59:04Z,-0.7096,news
1,2018-01-03T07:06:32Z,-0.296,news
2,2018-01-03T22:40:00Z,0.5994,news
3,2018-01-03T16:50:00Z,0.4019,news
4,2018-01-03T03:30:00Z,0,news
5,2018-01-03T01:45:00Z,-0.8271,news
6,2018-01-03T20:45:00Z,-0.2263,news
7,2018-01-03T22:53:00Z,0,news
8,2018-01-03T16:15:00Z,0.6808,news
9,2018-01-03T19:05:00Z,-0.0516,news
10,2018-01-03T05:27:18Z,0,news
11,2018-01-03T01:46:18Z,-0.5267,news
12,2018-01-03T10:00:03Z,-0.6705,news
13,2018-01-03T20:39:11Z,0.1335,news
14,2018-01-03T02:29:16Z,-0.1796,news
15,2018-01-03T02:04:02Z,0.6705,news
16,2018-01-03T11:00:15Z,0.6124,news
17,2018-01-03T23:13:32Z,0,news
18,2018-01-03T13:45:36Z,-0.0258,news
19,2018-01-03T10:47:24Z,0.128,news
0,2018-01-04T22:00:00Z,-0.3612,news
1,2018-01-04T17:06:00Z,-0.5574,news
2,2018-01-04T21:38:36Z,0.5574,news
3,2018-01-04T00:45:00Z,-0.8225,news
4,2018-01-04T14:36:00Z,-0.4215,news
5,2018-01-04T19:55:00Z,-0.0516,news
6,2018-01-04T16:00:00Z,0.4939,news
7,2018-01-04T20:25:00Z,0.5267,news
8,2018-01-04T00:20:30Z,0,news
9,2018-01-04T00:44:24Z,0.0516,news
10,2018-01-04T16:19:09Z,-0.7184,news
11,2018-01-04T23:55:19Z,-0.2732,news
12,2018-01-04T15:10:49Z,-0.8748,news
13,2018-01-04T00:21:33Z,-0.0516,news
14,2018-01-04T05:19:15Z,0,news
15,2018-01-04T13:52:38Z,0.0772,news
16,2018-01-04T17:00:16Z,-0.9682,news
17,2018-01-04T07:40:23Z,0.0258,news
18,2018-01-04T05:00:25Z,-0.2023,news
19,2018-01-04T15:16:57Z,-0.1583,news
0,2018-01-05T14:30:00Z,-0.6943,news
1,2018-01-05T21:16:55Z,-0.5719,news
2,2018-01-05T19:40:38Z,-0.5859,news
3,2018-01-05T22:06:21Z,-0.936,news
4,2018-01-05T07:35:31Z,0.5574,news
5,2018-01-05T21:45:00Z,-0.5994,news
6,2018-01-05T19:35:00Z,-0.836,news
7,2018-01-05T06:35:32Z,-0.4404,news
8,2018-01-05T17:51:14Z,0.5574,news
9,2018-01-05T18:27:17Z,0.1027,news
10,2018-01-05T17:15:05Z,-0.891,news
11,2018-01-05T18:24:57Z,0.6124,news
12,2018-01-05T07:28:04Z,0,news
13,2018-01-05T10:56:46Z,-0.4404,news
14,2018-01-05T20:58:42Z,-0.8553,news
15,2018-01-05T22:55:09Z,-0.4215,news
16,2018-01-05T14:35:00Z,-0.8311,news
17,2018-01-05T17:26:07Z,0.25,news
18,2018-01-05T18:52:33Z,-0.5385,news
19,2018-01-05T00:24:01Z,0.7604,news
0,2018-01-06T14:00:00Z,0.7089,news
1,2018-01-06T01:35:19Z,0,news
2,2018-01-06T13:14:44Z,0.3818,news
3,2018-01-06T20:15:11Z,0,news
4,2018-01-06T02:02:03Z,0.6597,news
5,2018-01-06T19:34:16Z,0.6808,news
6,2018-01-06T20:56:24Z,-0.6369,news
7,2018-01-06T15:08:36Z,0.6096,news
8,2018-01-06T20:13:47Z,0.7178,news
9,2018-01-06T19:01:55Z,0.1027,news
10,2018-01-06T10:01:03Z,0.7184,news
11,2018-01-06T15:43:10Z,0.5514,news
12,2018-01-06T10:00:29Z,0.6486,news
13,2018-01-06T14:49:03Z,-0.5859,news
14,2018-01-06T02:31:22Z,0.4215,news
15,2018-01-06T17:35:00Z,-0.7269,news
16,2018-01-06T12:00:17Z,-0.7579,news
17,2018-01-06T12:46:51Z,0.7902,news
18,2018-01-06T17:36:04Z,0,news
19,2018-01-06T11:52:24Z,0,news
0,2018-01-07T14:00:00Z,0.5106,news
1,2018-01-07T20:30:00Z,0,news
2,2018-01-07T07:59:23Z,0.5267,news
3,2018-01-07T18:47:26Z,0.1779,news
4,2018-01-07T11:00:37Z,0.2023,news
5,2018-01-07T17:15:56Z,-0.6597,news
6,2018-01-07T15:59:14Z,-0.6705,news
7,2018-01-07T19:02:26Z,0,news
8,2018-01-07T13:11:28Z,-0.2382,news
9,2018-01-07T19:14:58Z,-0.34,news
10,2018-01-07T14:31:38Z,0,news
11,2018-01-07T15:04:40Z,0.2023,news
12,2018-01-07T17:10:40Z,-0.7269,news
13,2018-01-07T10:17:26Z,0.9578,news
14,2018-01-07T19:15:14Z,0.3612,news
15,2018-01-07T16:54:14Z,0.5106,news
16,2018-01-07T11:27:18Z,0.836,news
17,2018-01-07T00:01:07Z,-0.9062,news
18,2018-01-07T09:00:06Z,-0.1531,news
19,2018-01-07T12:00:15Z,0.1531,news
0,2018-01-08T19:49:00Z,0.3818,news
1,2018-01-08T13:00:00Z,0.4019,news
2,2018-01-08T19:25:00Z,-0.2732,news
3,2018-01-08T23:49:50Z,0.5563,news
4,2018-01-08T14:23:02Z,0.2946,news
5,2018-01-08T22:31:51Z,0,news
6,2018-01-08T23:30:20Z,0.6801,news
7,2018-01-08T23:01:01Z,0.4767,news
8,2018-01-08T13:43:50Z,-0.5994,news
9,2018-01-08T19:54:58Z,0.4404,news
10,2018-01-08T22:14:06Z,-0.5574,news
11,2018-01-08T04:18:52Z,-0.5868,news
12,2018-01-08T04:30:55Z,-0.1027,news
13,2018-01-08T23:25:46Z,0.8823,news
14,2018-01-08T21:20:17Z,0.5106,news
15,2018-01-08T01:15:27Z,-0.7351,news
16,2018-01-08T01:36:43Z,-0.1531,news
17,2018-01-08T20:04:09Z,0.802,news
18,2018-01-08T08:00:28Z,-0.0258,news
19,2018-01-08T13:21:46Z,-0.6369,news
0,2018-01-09T00:55:04Z,-0.7717,news
1,2018-01-09T22:31:44Z,0.6249,news
2,2018-01-09T02:40:00Z,0.4215,news
3,2018-01-09T16:45:00Z,-0.7096,news
4,2018-01-09T23:15:00Z,-0.296,news
5,2018-01-09T22:00:00Z,-0.4215,news
6,2018-01-09T00:20:49Z,0,news
7,2018-01-09T10:13:33Z,0.7906,news
8,2018-01-09T00:39:42Z,-0.1779,news
9,2018-01-09T01:25:46Z,0.4019,news
10,2018-01-09T18:23:02Z,-0.1513,news
11,2018-01-09T00:16:12Z,0.7783,news
12,2018-01-09T10:31:04Z,0.765,news
13,2018-01-09T01:24:36Z,-0.5267,news
14,2018-01-09T13:59:50Z,0,news
15,2018-01-09T18:58:17Z,0,news
16,2018-01-09T10:52:08Z,-0.7003,news
17,2018-01-09T18:51:20Z,-0.4753,news
18,2018-01-09T23:26:53Z,0.25,news
19,2018-01-09T21:28:36Z,-0.34,news
0,2018-01-10T21:00:00Z,-0.4079,news
1,2018-01-10T17:35:00Z,-0.7269,news
2,2018-01-10T16:50:00Z,-0.7579,news
3,2018-01-10T02:45:00Z,-0.8176,news
4,2018-01-10T18:15:00Z,0.4215,news
5,2018-01-10T10:00:22Z,0.34,news
6,2018-01-10T02:29:34Z,0.6597,news
7,2018-01-10T16:50:41Z,0.4939,news
8,2018-01-10T19:13:09Z,-0.2865,news
9,2018-01-10T01:53:01Z,0,news
10,2018-01-10T02:50:44Z,0.4019,news
11,2018-01-10T00:20:58Z,0.2023,news
12,2018-01-10T22:42:37Z,0.505,news
13,2018-01-10T00:25:12Z,0.6908,news
14,2018-01-10T13:58:28Z,-0.1531,news
15,2018-01-10T19:09:55Z,0,news
16,2018-01-10T10:11:53Z,-0.5859,news
17,2018-01-10T21:03:55Z,-0.6486,news
18,2018-01-10T11:09:00Z,-0.8776,news
19,2018-01-10T17:22:04Z,0.68,news
0,2018-01-11T17:44:00Z,0.4767,news
1,2018-01-11T16:45:10Z,-0.4939,news
2,2018-01-11T18:48:13Z,0.1779,news
3,2018-01-11T04:40:56Z,0.5849,news
4,2018-01-11T15:10:00Z,-0.8442,news
5,2018-01-11T01:55:00Z,-0.4939,news
6,2018-01-11T10:45:20Z,0,news
7,2018-01-11T13:01:53Z,-0.296,news
8,2018-01-11T19:27:10Z,-0.5023,news
9,2018-01-11T01:32:51Z,-0.6124,news
10,2018-01-11T03:35:00Z,0.4019,news
11,2018-01-11T10:45:21Z,0.3612,news
12,2018-01-11T10:45:20Z,-0.6124,news
13,2018-01-11T11:00:16Z,0,news
14,2018-01-11T10:40:54Z,0,news
15,2018-01-11T19:13:13Z,0,news
16,2018-01-11T15:33:06Z,0.8908,news
17,2018-01-11T22:13:48Z,0.5859,news
18,2018-01-11T15:42:54Z,0.0186,news
19,2018-01-11T18:18:31Z,-0.9538,news
0,2018-01-12T22:21:00Z,0.8805,news
1,2018-01-12T10:46:49Z,0.5106,news
2,2018-01-12T10:45:24Z,0.3182,news
3,2018-01-12T23:05:52Z,0,news
4,2018-01-12T12:52:43Z,-0.6486,news
5,2018-01-12T03:50:49Z,0.765,news
6,2018-01-12T17:22:09Z,0,news
7,2018-01-12T01:22:56Z,-0.0772,news
8,2018-01-12T17:28:50Z,-0.8271,news
9,2018-01-12T22:36:56Z,0.2869,news
10,2018-01-12T17:20:57Z,-0.0516,news
11,2018-01-12T05:01:07Z,0,news
12,2018-01-12T18:34:46Z,0.4404,news
13,2018-01-12T17:26:06Z,0.3182,news
14,2018-01-12T04:41:18Z,-0.5267,news
15,2018-01-12T22:44:39Z,-0.5267,news
16,2018-01-12T14:36:40Z,-0.7351,news
17,2018-01-12T10:37:07Z,0.3903,news
18,2018-01-12T06:06:38Z,-0.9062,news
19,2018-01-12T14:46:53Z,-0.823,news
0,2018-01-13T23:15:00Z,0.4767,news
1,2018-01-13T01:04:01Z,-0.2732,news
2,2018-01-13T21:07:29Z,0.2023,news
3,2018-01-13T15:59:07Z,-0.7845,news
4,2018-01-13T02:17:39Z,0.6177,news
5,2018-01-13T19:06:17Z,-0.9677,news
6,2018-01-13T02:15:43Z,0.4404,news
7,2018-01-13T02:03:46Z,-0.6597,news
8,2018-01-13T02:01:45Z,0.1511,news
9,2018-01-13T01:17:33Z,-0.7184,news
10,2018-01-13T02:21:42Z,0.4404,news
11,2018-01-13T01:13:04Z,-0.2023,news
12,2018-01-13T17:26:55Z,0.7506,news
13,2018-01-13T00:29:47Z,-0.6249,news
14,2018-01-13T12:13:11Z,-0.34,news
15,2018-01-13T18:30:05Z,-0.1911,news
16,2018-01-13T10:21:00Z,-0.296,news
17,2018-01-13T15:55:21Z,0.8689,news
18,2018-01-13T20:21:37Z,-0.9042,news
19,2018-01-13T18:28:00Z,0,news
0,2018-01-14T14:00:16Z,0.5423,news
1,2018-01-14T19:25:00Z,-0.8543,news
2,2018-01-14T19:40:19Z,0,news
3,2018-01-14T19:24:28Z,0,news
4,2018-01-14T23:21:40Z,-0.25,news
5,2018-01-14T12:09:56Z,0.7506,news
6,2018-01-14T21:15:26Z,0,news
7,2018-01-14T11:00:47Z,0.2023,news
8,2018-01-14T22:32:44Z,-0.296,news
9,2018-01-14T00:24:39Z,0,news
10,2018-01-14T19:24:07Z,-0.4019,news
11,2018-01-14T16:20:29Z,-0.4404,news
12,2018-01-14T14:46:52Z,-0.6124,news
13,2018-01-14T14:45:33Z,-0.5267,news
14,2018-01-14T20:19:14Z,-0.9643,news
15,2018-01-14T19:36:00Z,0.4215,news
16,2018-01-14T07:32:43Z,0.2263,news
17,2018-01-14T14:57:33Z,0,news
18,2018-01-14T21:18:53Z,-0.2732,news
19,2018-01-14T13:57:00Z,0.4215,news
0,2018-01-15T12:00:00Z,-0.3818,news
1,2018-01-15T09:28:59Z,0.25,news
2,2018-01-15T05:16:14Z,0,news
3,2018-01-15T23:08:06Z,0,news
4,2018-01-15T19:08:21Z,0,news
5,2018-01-15T10:44:01Z,0.7184,news
6,2018-01-15T04:23:26Z,0.4973,news
7,2018-01-15T07:06:15Z,-0.6369,news
8,2018-01-15T12:31:18Z,0.7759,news
9,2018-01-15T21:34:35Z,0.8126,news
10,2018-01-15T10:45:24Z,0.0516,news
11,2018-01-15T21:12:35Z,-0.5106,news
12,2018-01-15T10:45:25Z,0.25,news
13,2018-01-15T01:24:33Z,-0.4939,news
14,2018-01-15T10:45:25Z,-0.6249,news
15,2018-01-15T00:47:32Z,-0.1027,news
16,2018-01-15T23:16:41Z,0.3648,news
17,2018-01-15T01:36:15Z,-0.9274,news
18,2018-01-15T16:20:25Z,0.8534,news
19,2018-01-15T21:19:58Z,-0.5831,news
0,2018-01-16T19:30:00Z,-0.2903,news
1,2018-01-16T11:00:00Z,-0.7906,news
2,2018-01-16T11:00:00Z,0.8271,news
3,2018-01-16T11:00:00Z,0.5106,news
4,2018-01-16T11:00:00Z,-0.296,news
5,2018-01-16T11:00:00Z,0.1531,news
6,2018-01-16T15:26:51Z,0.1901,news
7,2018-01-16T20:36:12Z,0.3818,news
8,2018-01-16T05:22:15Z,0,news
9,2018-01-16T16:39:00Z,-0.128,news
10,2018-01-16T21:35:00Z,-0.4404,news
11,2018-01-16T14:51:03Z,-0.7184,news
12,2018-01-16T23:11:28Z,0,news
13,2018-01-16T20:08:26Z,-0.25,news
14,2018-01-16T16:52:27Z,0.6808,news
15,2018-01-16T23:43:09Z,-0.4939,news
16,2018-01-16T18:59:36Z,0,news
17,2018-01-16T23:52:06Z,0.6486,news
18,2018-01-16T16:58:50Z,-0.5349,news
19,2018-01-16T11:37:04Z,0.714,news
0,2018-01-17T17:40:24Z,0.4019,news
1,2018-01-17T16:07:17Z,0.0258,news
2,2018-01-17T16:45:39Z,-0.4939,news
3,2018-01-17T10:56:54Z,0,news
4,2018-01-17T00:22:02Z,0.4019,news
5,2018-01-17T08:51:50Z,-0.4939,news
6,2018-01-17T21:54:08Z,0.4215,news
7,2018-01-17T17:27:26Z,0.7579,news
8,2018-01-17T01:18:12Z,0,news
9,2018-01-17T19:55:53Z,0,news
10,2018-01-17T17:32:30Z,-0.0516,news
11,2018-01-17T13:38:16Z,0,news
12,2018-01-17T23:11:35Z,0,news
13,2018-01-17T13:17:10Z,-0.743,news
14,2018-01-17T05:02:33Z,0,news
15,2018-01-17T04:46:19Z,0.1779,news
16,2018-01-17T17:16:21Z,-0.5106,news
17,2018-01-17T20:35:35Z,-0.886,news
18,2018-01-17T15:50:49Z,-0.7269,news
19,2018-01-17T10:00:23Z,0.5574,news
0,2018-01-18T20:59:06Z,0.2748,news
1,2018-01-18T02:20:00Z,0.296,news
2,2018-01-18T16:45:00Z,0.9048,news
3,2018-01-18T20:10:00Z,-0.0516,news
4,2018-01-18T15:45:00Z,-0.8481,news
5,2018-01-18T10:13:30Z,0.7351,news
6,2018-01-18T00:00:10Z,0.4939,news
7,2018-01-18T14:03:22Z,0.5859,news
8,2018-01-18T19:30:04Z,0.1779,news
9,2018-01-18T01:48:00Z,-0.5994,news
10,2018-01-18T02:30:36Z,0.7701,news
11,2018-01-18T22:36:10Z,0.5994,news
12,2018-01-18T05:40:31Z,0.34,news
13,2018-01-18T18:55:00Z,0.8522,news
14,2018-01-18T12:57:29Z,0.6133,news
15,2018-01-18T12:29:56Z,-0.4215,news
16,2018-01-18T14:44:38Z,-0.5719,news
17,2018-01-18T00:34:08Z,0.7845,news
18,2018-01-18T00:52:48Z,0,news
19,2018-01-18T10:40:38Z,0.3818,news
0,2018-01-19T20:00:00Z,-0.9661,news
1,2018-01-19T22:52:17Z,0.34,news
2,2018-01-19T02:00:59Z,0.2144,news
3,2018-01-19T23:26:33Z,-0.3182,news
4,2018-01-19T22:29:55Z,0.2382,news
5,2018-01-19T21:30:00Z,-0.2732,news
6,2018-01-19T16:25:00Z,-0.34,news
7,2018-01-19T18:02:00Z,-0.7845,news
8,2018-01-19T10:00:23Z,-0.5106,news
9,2018-01-19T10:40:45Z,-0.1779,news
10,2018-01-19T02:23:40Z,-0.4588,news
11,2018-01-19T19:06:28Z,0.743,news
12,2018-01-19T03:51:50Z,0.5106,news
13,2018-01-19T13:56:54Z,-0.9136,news
14,2018-01-19T18:13:02Z,0,news
15,2018-01-19T19:27:50Z,-0.7814,news
16,2018-01-19T19:05:41Z,0,news
17,2018-01-19T12:46:48Z,0.4402,news
18,2018-01-19T23:51:13Z,0.4215,news
19,2018-01-19T15:47:37Z,0.8898,news
0,2018-01-20T21:08:00Z,0,news
1,2018-01-20T10:00:58Z,0.6705,news
2,2018-01-20T20:00:00Z,-0.5106,news
3,2018-01-20T13:03:03Z,-0.2462,news
4,2018-01-20T01:29:52Z,0.296,news
5,2018-01-20T01:27:51Z,0.8176,news
6,2018-01-20T21:00:29Z,0.7351,news
7,2018-01-20T10:00:03Z,0.7096,news
8,2018-01-20T00:50:52Z,-0.8481,news
9,2018-01-20T23:42:34Z,0,news
10,2018-01-20T13:00:00Z,-0.5719,news
11,2018-01-20T00:20:59Z,-0.3612,news
12,2018-01-20T19:30:22Z,-0.3612,news
13,2018-01-20T16:13:43Z,0.5423,news
14,2018-01-20T01:12:49Z,-0.7845,news
15,2018-01-20T00:55:06Z,0.1027,news
16,2018-01-20T16:07:56Z,-0.6486,news
17,2018-01-20T19:46:35Z,-0.3182,news
18,2018-01-20T11:00:35Z,-0.2263,news
19,2018-01-20T18:47:43Z,-0.7003,news
0,2018-01-21T22:03:00Z,0.7655,news
1,2018-01-21T14:00:00Z,0.1779,news
2,2018-01-21T20:15:00Z,-0.5859,news
3,2018-01-21T11:12:44Z,0.2023,news
4,2018-01-21T10:12:09Z,0.0258,news
5,2018-01-21T17:43:24Z,-0.3818,news
6,2018-01-21T19:49:08Z,0.5719,news
7,2018-01-21T21:04:45Z,0.4939,news
8,2018-01-21T21:12:11Z,-0.5106,news
9,2018-01-21T14:15:22Z,0.296,news
10,2018-01-21T17:36:11Z,0.6486,news
11,2018-01-21T16:28:55Z,0,news
12,2018-01-21T19:20:27Z,-0.3182,news
13,2018-01-21T19:21:11Z,0,news
14,2018-01-21T09:59:14Z,-0.7184,news
15,2018-01-21T09:48:23Z,0,news
16,2018-01-21T18:35:00Z,0.8685,news
17,2018-01-21T18:35:00Z,0.8685,news
18,2018-01-21T02:31:48Z,0,news
19,2018-01-21T14:39:27Z,-0.5574,news
0,2018-01-22T19:37:40Z,0,news
1,2018-01-22T15:20:00Z,0.128,news
2,2018-01-22T17:35:00Z,-0.8225,news
3,2018-01-22T18:10:00Z,-0.9422,news
4,2018-01-22T03:08:36Z,0.6705,news
5,2018-01-22T10:45:32Z,0.7351,news
6,2018-01-22T02:47:46Z,0.3182,news
7,2018-01-22T05:02:40Z,0,news
8,2018-01-22T10:58:04Z,0.1027,news
9,2018-01-22T01:37:09Z,0.9413,news
10,2018-01-22T22:12:18Z,-0.296,news
11,2018-01-22T06:51:25Z,0,news
12,2018-01-22T15:37:59Z,0.3818,news
13,2018-01-22T10:30:18Z,0.6249,news
14,2018-01-22T01:25:27Z,-0.4215,news
15,2018-01-22T19:36:29Z,0.5106,news
16,2018-01-22T19:12:48Z,0,news
17,2018-01-22T01:24:07Z,-0.4767,news
18,2018-01-22T15:14:59Z,0.8625,news
19,2018-01-22T10:37:24Z,-0.024,news
0,2018-01-23T15:02:00Z,0.4939,news
1,2018-01-23T23:45:48Z,-0.7003,news
2,2018-01-23T22:03:09Z,0.0258,news
3,2018-01-23T05:55:00Z,0.2023,news
4,2018-01-23T00:01:16Z,0,news
5,2018-01-23T10:45:25Z,-0.6199,news
6,2018-01-23T01:54:45Z,0.875,news
7,2018-01-23T21:15:36Z,-0.1154,news
8,2018-01-23T02:11:31Z,0.6696,news
9,2018-01-23T23:40:47Z,0,news
10,2018-01-23T23:49:01Z,-0.3716,news
11,2018-01-23T23:14:07Z,0,news
12,2018-01-23T15:07:55Z,-0.3182,news
13,2018-01-23T15:00:00Z,0.9169,news
14,2018-01-23T11:12:13Z,-0.7269,news
15,2018-01-23T20:31:49Z,0.0772,news
16,2018-01-23T16:44:59Z,-0.836,news
17,2018-01-23T18:25:33Z,0.9313,news
18,2018-01-23T10:41:49Z,0.4019,news
19,2018-01-23T20:32:42Z,-0.34,news
0,2018-01-24T20:15:44Z,-0.5106,news
1,2018-01-24T18:02:14Z,0.2023,news
2,2018-01-24T21:07:00Z,0.4404,news
3,2018-01-24T02:30:00Z,0.3612,news
4,2018-01-24T00:15:00Z,-0.2023,news
5,2018-01-24T04:22:20Z,0.6597,news
6,2018-01-24T01:40:52Z,0,news
7,2018-01-24T01:37:39Z,0.3182,news
8,2018-01-24T14:15:18Z,0,news
9,2018-01-24T01:43:28Z,0.8591,news
10,2018-01-24T10:00:02Z,-0.7506,news
11,2018-01-24T10:45:26Z,0.5719,news
12,2018-01-24T05:20:46Z,0,news
13,2018-01-24T23:48:23Z,0.8555,news
14,2018-01-24T17:41:12Z,0.7479,news
15,2018-01-24T18:33:07Z,-0.296,news
16,2018-01-24T19:01:54Z,0.34,news
17,2018-01-24T05:52:08Z,0.1901,news
18,2018-01-24T23:05:00Z,0.4019,news
19,2018-01-24T19:54:10Z,0.4497,news
0,2018-01-25T21:30:00Z,-0.8472,news
1,2018-01-25T03:35:00Z,-0.0258,news
2,2018-01-25T16:01:00Z,-0.7425,news
3,2018-01-25T22:40:00Z,-0.9371,news
4,2018-01-25T09:47:53Z,0.4215,news
5,2018-01-25T05:03:55Z,0,news
6,2018-01-25T01:35:04Z,0.34,news
7,2018-01-25T13:52:54Z,0,news
8,2018-01-25T18:11:56Z,0.802,news
9,2018-01-25T19:22:14Z,0.4588,news
10,2018-01-25T15:23:10Z,0.7269,news
11,2018-01-25T14:24:52Z,0.5994,news
12,2018-01-25T18:49:49Z,0.1506,news
13,2018-01-25T20:37:07Z,0.7003,news
14,2018-01-25T16:43:03Z,0.4019,news
15,2018-01-25T01:02:26Z,0.4767,news
16,2018-01-25T10:23:38Z,0.25,news
17,2018-01-25T11:00:12Z,0,news
18,2018-01-25T10:00:24Z,0.8096,news
19,2018-01-25T22:26:18Z,0,news
0,2018-01-26T22:28:00Z,0.4019,news
1,2018-01-26T19:06:28Z,0.4019,news
2,2018-01-26T14:00:00Z,-0.4914,news
3,2018-01-26T13:55:00Z,-0.6486,news
4,2018-01-26T18:10:00Z,0.6908,news
5,2018-01-26T21:30:00Z,0.3182,news
6,2018-01-26T15:33:58Z,0,news
7,2018-01-26T20:18:28Z,-0.25,news
8,2018-01-26T01:35:36Z,-0.1027,news
9,2018-01-26T16:33:41Z,-0.34,news
10,2018-01-26T20:14:47Z,0.1779,news
11,2018-01-26T10:00:26Z,0.3818,news
12,2018-01-26T10:00:42Z,0.2263,news
13,2018-01-26T00:33:28Z,-0.1531,news
14,2018-01-26T15:50:07Z,-0.9157,news
15,2018-01-26T10:33:09Z,0.2263,news
16,2018-01-26T20:45:11Z,-0.8316,news
17,2018-01-26T16:16:20Z,0.8824,news
18,2018-01-26T17:07:23Z,-0.802,news
19,2018-01-26T01:07:21Z,0.7964,news
0,2018-01-27T20:20:21Z,0.1779,news
1,2018-01-27T15:18:25Z,-0.6124,news
2,2018-01-27T01:53:27Z,-0.2846,news
3,2018-01-27T03:37:40Z,0.8625,news
4,2018-01-27T15:30:00Z,-0.5859,news
5,2018-01-27T01:27:52Z,0.3919,news
6,2018-01-27T01:58:22Z,-0.296,news
7,2018-01-27T13:00:37Z,-0.3818,news
8,2018-01-27T02:17:15Z,-0.4019,news
9,2018-01-27T12:46:00Z,-0.6705,news
10,2018-01-27T02:45:36Z,-0.7845,news
11,2018-01-27T00:25:39Z,0.4404,news
12,2018-01-27T03:51:47Z,-0.0772,news
13,2018-01-27T01:07:11Z,-0.7964,news
14,2018-01-27T21:44:37Z,-0.3612,news
15,2018-01-27T16:10:52Z,0.9382,news
16,2018-01-27T12:00:49Z,-0.6369,news
17,2018-01-27T06:00:42Z,0.7713,news
18,2018-01-27T17:30:56Z,0.2732,news
19,2018-01-27T08:00:44Z,0.101,news
0,2018-01-28T14:00:00Z,0.296,news
1,2018-01-28T23:10:00Z,-0.659,news
2,2018-01-28T21:46:18Z,0.5106,news
3,2018-01-28T20:37:29Z,0.6361,news
4,2018-01-28T13:34:57Z,0.9496,news
5,2018-01-28T11:00:34Z,0.5859,news
6,2018-01-28T19:14:44Z,0,news
7,2018-01-28T14:07:23Z,-0.3182,news
8,2018-01-28T16:44:59Z,0.5719,news
9,2018-01-28T02:25:37Z,0,news
10,2018-01-28T19:43:28Z,0,news
11,2018-01-28T21:52:19Z,0.7964,news
12,2018-01-28T00:22:17Z,0.2732,news
13,2018-01-28T14:38:25Z,0.8061,news
14,2018-01-28T22:36:08Z,0,news
15,2018-01-28T20:04:39Z,-0.8265,news
16,2018-01-28T17:03:57Z,0.128,news
17,2018-01-28T09:34:16Z,0,news
18,2018-01-28T16:26:28Z,-0.1779,news
19,2018-01-28T17:00:24Z,-0.8074,news
0,2018-01-29T15:30:00Z,0.6815,news
1,2018-01-29T02:38:00Z,0.7757,news
2,2018-01-29T15:28:00Z,0.2714,news
3,2018-01-29T14:53:20Z,0,news
4,2018-01-29T04:38:33Z,0.9081,news
5,2018-01-29T11:00:00Z,0,news
6,2018-01-29T20:50:00Z,0.296,news
7,2018-01-29T19:15:00Z,0,news
8,2018-01-29T15:45:00Z,0,news
9,2018-01-29T10:45:14Z,-0.4767,news
10,2018-01-29T04:19:38Z,0.4588,news
11,2018-01-29T01:31:01Z,0,news
12,2018-01-29T22:18:06Z,-0.1027,news
13,2018-01-29T02:29:49Z,-0.2732,news
14,2018-01-29T17:09:22Z,-0.5106,news
15,2018-01-29T23:27:45Z,-0.5719,news
16,2018-01-29T01:23:47Z,0.7506,news
17,2018-01-29T05:09:33Z,0.4588,news
18,2018-01-29T18:00:23Z,-0.0258,news
19,2018-01-29T19:18:07Z,0,news
0,2018-01-30T20:00:00Z,0.3612,news
1,2018-01-30T17:00:00Z,0.8892,news
2,2018-01-30T22:15:00Z,0.2944,news
3,2018-01-30T01:03:17Z,0.0516,news
4,2018-01-30T14:12:00Z,0.3612,news
5,2018-01-30T20:16:00Z,-0.7003,news
6,2018-01-30T10:00:22Z,0,news
7,2018-01-30T19:20:22Z,-0.296,news
8,2018-01-30T10:01:01Z,0,news
9,2018-01-30T02:35:15Z,-0.3919,news
10,2018-01-30T16:09:24Z,-0.6697,news
11,2018-01-30T15:32:22Z,0.3818,news
12,2018-01-30T18:58:45Z,0,news
13,2018-01-30T01:55:05Z,0.5423,news
14,2018-01-30T05:11:57Z,0,news
15,2018-01-30T00:15:34Z,0.4215,news
16,2018-01-30T00:31:51Z,0.6116,news
17,2018-01-30T14:52:52Z,0,news
18,2018-01-30T10:57:58Z,-0.2732,news
19,2018-01-30T20:37:07Z,-0.7894,news
0,2018-01-31T13:00:00Z,-0.34,news
1,2018-01-31T13:00:00Z,0,news
2,2018-01-31T03:32:38Z,-0.3182,news
3,2018-01-31T01:40:00Z,0.7548,news
4,2018-01-31T03:25:00Z,-0.34,news
5,2018-01-31T04:05:00Z,0.3182,news
6,2018-01-31T16:25:00Z,-0.7096,news
7,2018-01-31T04:34:22Z,0.2263,news
8,2018-01-31T23:11:43Z,-0.128,news
9,2018-01-31T10:32:44Z,0,news
10,2018-01-31T18:31:38Z,-0.6486,news
11,2018-01-31T03:53:14Z,0.3182,news
12,2018-01-31T08:30:06Z,0.7717,news
13,2018-01-31T10:06:59Z,0.6369,news
14,2018-01-31T04:51:57Z,0.3612,news
15,2018-01-31T22:21:21Z,0,news
16,2018-01-31T19:36:48Z,0,news
17,2018-01-31T03:46:14Z,-0.6369,news
18,2018-01-31T14:03:21Z,-0.3612,news
19,2018-01-31T17:00:10Z,-0.9042,news
0,2018-02-01T14:27:51Z,-0.4767,news
1,2018-02-01T14:19:33Z,-0.3818,news
2,2018-02-01T13:00:00Z,-0.0772,news
3,2018-02-01T14:25:20Z,-0.4767,news
4,2018-02-01T05:01:45Z,0.4404,news
5,2018-02-01T08:35:43Z,-0.3818,news
6,2018-02-01T12:00:00Z,0.8591,news
7,2018-02-01T01:56:37Z,0.6908,news
8,2018-02-01T00:33:09Z,-0.7469,news
9,2018-02-01T00:28:16Z,0,news
10,2018-02-01T02:05:37Z,0.6915,news
11,2018-02-01T00:14:42Z,-0.3818,news
12,2018-02-01T19:49:50Z,0.5574,news
13,2018-02-01T00:07:11Z,0.2732,news
14,2018-02-01T23:36:17Z,0.7184,news
15,2018-02-01T21:03:10Z,0.4019,news
16,2018-02-01T11:23:10Z,-0.8481,news
17,2018-02-01T17:17:01Z,-0.7964,news
18,2018-02-01T15:09:22Z,0.3899,news
19,2018-02-01T20:38:09Z,-0.8834,news
0,2018-02-02T15:11:37Z,0.3818,news
1,2018-02-02T20:40:00Z,-0.3182,news
2,2018-02-02T21:45:00Z,-0.6658,news
3,2018-02-02T02:15:11Z,0,news
4,2018-02-02T01:37:00Z,0.4767,news
5,2018-02-02T20:34:33Z,-0.6124,news
6,2018-02-02T23:51:20Z,0.4767,news
7,2018-02-02T23:20:13Z,0.7845,news
8,2018-02-02T12:00:27Z,-0.7964,news
9,2018-02-02T05:06:17Z,0,news
10,2018-02-02T11:03:05Z,0.6597,news
11,2018-02-02T18:09:05Z,0.2263,news
12,2018-02-02T18:54:39Z,0.1531,news
13,2018-02-02T22:43:13Z,-0.7003,news
14,2018-02-02T10:24:51Z,0.296,news
15,2018-02-02T17:36:02Z,-0.0258,news
16,2018-02-02T09:58:48Z,0.9528,news
17,2018-02-02T23:23:21Z,0.5859,news
18,2018-02-02T20:31:04Z,-0.9797,news
19,2018-02-02T21:06:29Z,0.9267,news
0,2018-02-03T16:11:41Z,0,news
1,2018-02-03T02:23:19Z,0,news
2,2018-02-03T01:30:09Z,0.2732,news
3,2018-02-03T10:00:24Z,-0.4019,news
4,2018-02-03T16:00:50Z,0.6486,news
5,2018-02-03T17:53:27Z,0.0772,news
6,2018-02-03T19:10:23Z,0.7003,news
7,2018-02-03T00:21:32Z,0,news
8,2018-02-03T18:46:26Z,-0.3415,news
9,2018-02-03T01:54:57Z,-0.4215,news
10,2018-02-03T17:27:32Z,0.0772,news
11,2018-02-03T22:47:27Z,0.4215,news
12,2018-02-03T22:56:26Z,-0.6144,news
13,2018-02-03T15:05:03Z,0.699,news
14,2018-02-03T02:52:20Z,0.34,news
15,2018-02-03T23:45:00Z,0.2516,news
16,2018-02-03T13:01:00Z,0.2263,news
17,2018-02-03T00:28:52Z,0.8225,news
18,2018-02-03T18:49:00Z,-0.8807,news
19,2018-02-03T10:17:09Z,-0.0772,news
0,2018-02-04T14:00:15Z,0.3612,news
1,2018-02-04T19:50:00Z,-0.1779,news
2,2018-02-04T14:57:13Z,-0.0258,news
3,2018-02-04T11:00:40Z,0.6908,news
4,2018-02-04T15:27:24Z,0.7003,news
5,2018-02-04T13:39:27Z,0.6948,news
6,2018-02-04T19:10:05Z,0.5994,news
7,2018-02-04T10:04:46Z,0,news
8,2018-02-04T04:51:52Z,-0.4767,news
9,2018-02-04T07:55:50Z,0,news
10,2018-02-04T16:39:13Z,0.875,news
11,2018-02-04T11:21:56Z,0.9349,news
12,2018-02-04T04:23:57Z,-0.4588,news
13,2018-02-04T12:00:00Z,0.2023,news
14,2018-02-04T22:00:00Z,-0.5994,news
15,2018-02-04T03:46:56Z,-0.5423,news
16,2018-02-04T16:00:00Z,0.6249,news
17,2018-02-04T22:35:52Z,0.9552,news
18,2018-02-04T03:04:05Z,-0.7351,news
19,2018-02-04T09:40:06Z,0.0258,news
0,2018-02-05T14:15:43Z,0.4019,news
1,2018-02-05T14:45:00Z,0.2787,news
2,2018-02-05T19:07:02Z,0.7096,news
3,2018-02-05T21:31:13Z,-0.2732,news
4,2018-02-05T23:06:36Z,0,news
5,2018-02-05T21:27:15Z,0.575,news
6,2018-02-05T17:24:54Z,0.9666,news
7,2018-02-05T23:04:10Z,0,news
8,2018-02-05T00:33:15Z,-0.5267,news
9,2018-02-05T10:26:39Z,0.9041,news
10,2018-02-05T05:00:21Z,0.5994,news
11,2018-02-05T19:05:19Z,0.4215,news
12,2018-02-05T15:14:45Z,-0.5574,news
13,2018-02-05T21:09:14Z,-0.0772,news
14,2018-02-05T15:32:15Z,0.8591,news
15,2018-02-05T20:42:07Z,-0.7003,news
16,2018-02-05T12:44:11Z,0.5106,news
17,2018-02-05T11:21:48Z,0.1779,news
18,2018-02-05T18:29:13Z,-0.8495,news
19,2018-02-05T15:27:06Z,0.7783,news
0,2018-02-06T13:00:00Z,-0.6486,news
1,2018-02-06T15:05:00Z,0.7184,news
2,2018-02-06T14:31:00Z,-0.872,news
3,2018-02-06T00:59:37Z,0.2023,news
4,2018-02-06T19:58:48Z,-0.6546,news
5,2018-02-06T10:45:13Z,0,news
6,2018-02-06T10:32:48Z,0,news
7,2018-02-06T01:48:13Z,-0.8262,news
8,2018-02-06T10:25:40Z,0.1531,news
9,2018-02-06T20:25:37Z,-0.8658,news
10,2018-02-06T10:48:43Z,0.4939,news
11,2018-02-06T22:53:55Z,0,news
12,2018-02-06T19:13:03Z,0,news
13,2018-02-06T01:49:50Z,-0.296,news
14,2018-02-06T13:40:00Z,-0.2617,news
15,2018-02-06T22:39:56Z,0.4215,news
16,2018-02-06T23:19:12Z,-0.91,news
17,2018-02-06T21:02:46Z,0.5994,news
18,2018-02-06T01:14:21Z,0.4215,news
19,2018-02-06T04:08:02Z,0.8591,news
0,2018-02-07T23:57:34Z,0.0258,news
1,2018-02-07T15:57:02Z,-0.7351,news
2,2018-02-07T17:02:00Z,0.3834,news
3,2018-02-07T10:45:12Z,0,news
4,2018-02-07T10:52:24Z,0,news
5,2018-02-07T11:09:30Z,0.7778,news
6,2018-02-07T10:45:13Z,0,news
7,2018-02-07T10:00:29Z,0.296,news
8,2018-02-07T06:41:45Z,0.7717,news
9,2018-02-07T17:05:30Z,0.4745,news
10,2018-02-07T15:36:44Z,0.9652,news
11,2018-02-07T19:36:45Z,-0.7699,news
12,2018-02-07T17:33:36Z,0.8271,news
13,2018-02-07T19:36:09Z,0.6808,news
14,2018-02-07T23:30:49Z,0.765,news
15,2018-02-07T00:31:38Z,0.3612,news
16,2018-02-07T01:10:23Z,0.9111,news
17,2018-02-07T01:58:44Z,-0.2591,news
18,2018-02-07T00:03:32Z,0,news
19,2018-02-07T22:02:24Z,-0.6249,news
0,2018-02-08T22:17:00Z,0.836,news
1,2018-02-08T13:35:00Z,-0.0772,news
2,2018-02-08T02:30:00Z,0.82,news
3,2018-02-08T10:45:13Z,0.5719,news
4,2018-02-08T01:58:09Z,-0.4767,news
5,2018-02-08T10:45:16Z,0.0516,news
6,2018-02-08T01:15:16Z,-0.5367,news
7,2018-02-08T01:57:23Z,-0.5423,news
8,2018-02-08T16:54:21Z,0.2846,news
9,2018-02-08T23:02:30Z,-0.5106,news
10,2018-02-08T10:00:24Z,-0.4404,news
11,2018-02-08T19:30:52Z,0,news
12,2018-02-08T11:11:30Z,-0.2732,news
13,2018-02-08T12:27:07Z,0.8591,news
14,2018-02-08T11:08:56Z,0.8126,news
15,2018-02-08T00:05:41Z,0.8481,news
16,2018-02-08T17:14:02Z,-0.4019,news
17,2018-02-08T17:23:20Z,0.1027,news
18,2018-02-08T01:05:21Z,0.2023,news
19,2018-02-08T10:14:31Z,0.6597,news
0,2018-02-09T13:48:00Z,0,news
1,2018-02-09T16:55:00Z,-0.5472,news
2,2018-02-09T19:18:02Z,-0.0772,news
3,2018-02-09T03:03:16Z,-0.6369,news
4,2018-02-09T17:00:49Z,-0.6369,news
5,2018-02-09T19:23:18Z,0.4939,news
6,2018-02-09T16:00:01Z,-0.2263,news
7,2018-02-09T20:41:34Z,-0.09,news
8,2018-02-09T17:39:57Z,0.3612,news
9,2018-02-09T20:30:06Z,0,news
10,2018-02-09T00:31:32Z,0.5859,news
11,2018-02-09T13:53:08Z,-0.5574,news
12,2018-02-09T16:15:49Z,-0.34,news
13,2018-02-09T17:29:12Z,-0.1779,news
14,2018-02-09T10:54:41Z,0.5562,news
15,2018-02-09T19:42:23Z,-0.4767,news
16,2018-02-09T15:31:16Z,0.5267,news
17,2018-02-09T00:33:12Z,0.6597,news
18,2018-02-09T09:33:03Z,-0.836,news
19,2018-02-09T22:57:55Z,0.1779,news
0,2018-02-10T12:15:00Z,-0.3612,news
1,2018-02-10T03:01:13Z,-0.9287,news
2,2018-02-10T01:15:33Z,-0.4404,news
3,2018-02-10T15:22:41Z,0.6908,news
4,2018-02-10T01:03:17Z,-0.4588,news
5,2018-02-10T00:09:41Z,-0.1027,news
6,2018-02-10T02:03:17Z,-0.7717,news
7,2018-02-10T20:37:11Z,0.8176,news
8,2018-02-10T16:57:19Z,-0.9313,news
9,2018-02-10T22:53:26Z,0.7263,news
10,2018-02-10T16:00:00Z,-0.6124,news
11,2018-02-10T16:47:19Z,-0.7096,news
12,2018-02-10T00:59:53Z,-0.4588,news
13,2018-02-10T22:29:59Z,-0.9022,news
14,2018-02-10T18:56:57Z,-0.4215,news
15,2018-02-10T15:38:27Z,-0.4404,news
16,2018-02-10T14:40:40Z,-0.5574,news
17,2018-02-10T02:29:37Z,0.5106,news
18,2018-02-10T15:55:08Z,-0.9081,news
19,2018-02-10T17:27:45Z,0.128,news
0,2018-02-11T23:31:00Z,0.5859,news
1,2018-02-11T14:00:00Z,0.5106,news
2,2018-02-11T19:49:40Z,0,news
3,2018-02-11T11:27:52Z,-0.4215,news
4,2018-02-11T20:29:18Z,-0.296,news
5,2018-02-11T20:15:10Z,0.296,news
6,2018-02-11T15:37:49Z,-0.8807,news
7,2018-02-11T00:59:47Z,0.4576,news
8,2018-02-11T15:25:51Z,0.3818,news
9,2018-02-11T19:41:47Z,0.5413,news
10,2018-02-11T19:15:02Z,-0.5574,news
11,2018-02-11T21:39:23Z,0.5574,news
12,2018-02-11T12:46:14Z,0,news
13,2018-02-11T15:48:35Z,-0.5267,news
14,2018-02-11T16:27:34Z,-0.7003,news
15,2018-02-11T16:54:29Z,-0.8316,news
16,2018-02-11T16:47:27Z,0.765,news
17,2018-02-11T23:24:15Z,0.1779,news
18,2018-02-11T12:44:41Z,-0.128,news
19,2018-02-11T11:03:20Z,0.9432,news
0,2018-02-12T12:00:00Z,-0.8316,news
1,2018-02-12T17:26:55Z,-0.1027,news
2,2018-02-12T12:00:00Z,-0.9325,news
3,2018-02-12T18:10:00Z,-0.5187,news
4,2018-02-12T23:45:09Z,0,news
5,2018-02-12T19:58:10Z,0.5267,news
6,2018-02-12T15:24:28Z,0,news
7,2018-02-12T20:19:47Z,0.5574,news
8,2018-02-12T12:00:07Z,0.3612,news
9,2018-02-12T10:53:10Z,-0.875,news
10,2018-02-12T23:51:52Z,-0.8074,news
11,2018-02-12T02:45:57Z,0.4118,news
12,2018-02-12T21:20:37Z,0.2023,news
13,2018-02-12T20:59:37Z,0.4404,news
14,2018-02-12T22:17:48Z,-0.5023,news
15,2018-02-12T04:25:36Z,0.5574,news
16,2018-02-12T16:26:00Z,0.4199,news
17,2018-02-12T00:34:50Z,0,news
18,2018-02-12T23:26:11Z,0,news
19,2018-02-12T19:14:01Z,0,news
0,2018-02-13T21:20:00Z,0,news
1,2018-02-13T14:30:00Z,-0.5267,news
2,2018-02-13T20:35:00Z,-0.1779,news
3,2018-02-13T22:30:00Z,0.8658,news
4,2018-02-13T20:01:25Z,0,news
5,2018-02-13T01:58:39Z,0,news
6,2018-02-13T19:07:11Z,0.4215,news
7,2018-02-13T00:11:59Z,0.8555,news
8,2018-02-13T02:02:02Z,0.5859,news
9,2018-02-13T11:00:01Z,-0.1027,news
10,2018-02-13T14:10:31Z,-0.128,news
11,2018-02-13T02:26:02Z,-0.6631,news
12,2018-02-13T22:38:21Z,0.7178,news
13,2018-02-13T11:48:31Z,0.0772,news
14,2018-02-13T15:06:58Z,-0.4284,news
15,2018-02-13T17:20:47Z,-0.2023,news
16,2018-02-13T23:19:47Z,-0.4215,news
17,2018-02-13T10:55:50Z,0,news
18,2018-02-13T23:19:28Z,0,news
19,2018-02-13T20:06:05Z,-0.1027,news
0,2018-02-14T21:46:26Z,0.128,news
1,2018-02-14T19:40:00Z,0.7003,news
2,2018-02-14T23:35:00Z,0.3182,news
3,2018-02-14T19:35:14Z,0.4215,news
4,2018-02-14T20:01:44Z,0,news
5,2018-02-14T18:14:17Z,0.7845,news
6,2018-02-14T11:09:14Z,0.7845,news
7,2018-02-14T11:00:12Z,0.7506,news
8,2018-02-14T19:08:21Z,0,news
9,2018-02-14T01:35:39Z,-0.9485,news
10,2018-02-14T14:07:03Z,-0.1027,news
11,2018-02-14T01:46:34Z,-0.5719,news
12,2018-02-14T22:02:26Z,0.6597,news
13,2018-02-14T22:43:17Z,-0.7977,news
14,2018-02-14T19:00:17Z,-0.4404,news
15,2018-02-14T21:07:58Z,0.2168,news
16,2018-02-14T20:02:46Z,0.1779,news
17,2018-02-14T05:46:51Z,0.4019,news
18,2018-02-14T05:12:47Z,0,news
19,2018-02-14T19:23:02Z,-0.7184,news
0,2018-02-15T18:00:00Z,0.8519,news
1,2018-02-15T23:20:08Z,-0.8169,news
2,2018-02-15T12:00:00Z,0.7269,news
3,2018-02-15T15:45:02Z,-0.8271,news
4,2018-02-15T14:00:54Z,0.6249,news
5,2018-02-15T18:05:00Z,0.6124,news
6,2018-02-15T16:50:00Z,-0.7564,news
7,2018-02-15T07:00:28Z,0.8481,news
8,2018-02-15T23:45:32Z,-0.5859,news
9,2018-02-15T13:34:18Z,0.0772,news
10,2018-02-15T05:02:23Z,0.5267,news
11,2018-02-15T16:59:42Z,-0.8779,news
12,2018-02-15T01:27:30Z,-0.5927,news
13,2018-02-15T23:44:52Z,0.9578,news
14,2018-02-15T00:40:38Z,0.5931,news
15,2018-02-15T00:34:33Z,0.5859,news
16,2018-02-15T10:00:31Z,0.3818,news
17,2018-02-15T15:43:33Z,0.1203,news
18,2018-02-15T16:13:56Z,0.4215,news
19,2018-02-15T10:00:31Z,-0.2732,news
0,2018-02-16T14:00:00Z,-0.8555,news
1,2018-02-16T17:19:07Z,-0.296,news
2,2018-02-16T19:05:07Z,0.4019,news
3,2018-02-16T23:25:00Z,0.6557,news
4,2018-02-16T18:35:00Z,0.0258,news
5,2018-02-16T20:33:38Z,-0.5719,news
6,2018-02-16T23:32:32Z,-0.3612,news
7,2018-02-16T22:28:46Z,0,news
8,2018-02-16T15:34:51Z,-0.2732,news
9,2018-02-16T23:16:22Z,0,news
10,2018-02-16T00:12:41Z,-0.6124,news
11,2018-02-16T18:36:19Z,-0.4404,news
12,2018-02-16T10:01:25Z,-0.7269,news
13,2018-02-16T00:51:14Z,0.5719,news
14,2018-02-16T20:30:52Z,0.4215,news
15,2018-02-16T20:07:43Z,0.3612,news
16,2018-02-16T05:56:25Z,0.6908,news
17,2018-02-16T00:10:29Z,-0.91,news
18,2018-02-16T20:59:19Z,0.4349,news
19,2018-02-16T17:12:45Z,-0.0772,news
0,2018-02-17T02:03:48Z,-0.6486,news
1,2018-02-17T19:30:57Z,-0.5446,news
2,2018-02-17T22:40:00Z,-0.4767,news
3,2018-02-17T02:24:33Z,-0.7096,news
4,2018-02-17T19:50:58Z,0.5859,news
5,2018-02-17T00:35:06Z,-0.4603,news
6,2018-02-17T18:05:50Z,-0.8316,news
7,2018-02-17T16:34:11Z,0.1901,news
8,2018-02-17T04:46:34Z,-0.2333,news
9,2018-02-17T00:33:39Z,-0.6808,news
10,2018-02-17T23:06:24Z,-0.8024,news
11,2018-02-17T18:00:02Z,-0.7269,news
12,2018-02-17T04:18:42Z,-0.4767,news
13,2018-02-17T08:46:26Z,-0.5106,news
14,2018-02-17T05:11:37Z,-0.8519,news
15,2018-02-17T21:41:48Z,0,news
16,2018-02-17T22:14:10Z,-0.8409,news
17,2018-02-17T08:00:10Z,-0.6369,news
18,2018-02-17T00:12:15Z,0.0772,news
19,2018-02-17T22:00:00Z,0.5046,news
0,2018-02-18T03:06:31Z,-0.7351,news
1,2018-02-18T14:00:40Z,-0.8313,news
2,2018-02-18T17:30:00Z,0,news
3,2018-02-18T20:28:02Z,-0.6597,news
4,2018-02-18T20:18:02Z,-0.8555,news
5,2018-02-18T08:00:13Z,0.5302,news
6,2018-02-18T15:24:45Z,0.2023,news
7,2018-02-18T01:47:53Z,-0.6124,news
8,2018-02-18T23:20:39Z,-0.5994,news
9,2018-02-18T11:00:01Z,0.2023,news
10,2018-02-18T19:07:15Z,0,news
11,2018-02-18T04:32:03Z,0,news
12,2018-02-18T13:34:13Z,-0.296,news
13,2018-02-18T15:00:56Z,-0.34,news
14,2018-02-18T17:31:28Z,-0.5719,news
15,2018-02-18T13:38:45Z,-0.6908,news
16,2018-02-18T16:10:24Z,0.2263,news
17,2018-02-18T20:36:27Z,0,news
18,2018-02-18T15:21:16Z,-0.4404,news
19,2018-02-18T19:45:44Z,0,news
0,2018-02-19T18:00:00Z,0.9042,news
1,2018-02-19T19:55:00Z,0.7845,news
2,2018-02-19T14:00:00Z,-0.7778,news
3,2018-02-19T16:06:16Z,-0.0258,news
4,2018-02-19T10:29:24Z,-0.5106,news
5,2018-02-19T19:13:50Z,0,news
6,2018-02-19T20:34:18Z,0.6486,news
7,2018-02-19T17:00:00Z,-0.5423,news
8,2018-02-19T02:47:45Z,-0.2023,news
9,2018-02-19T01:00:14Z,-0.5994,news
10,2018-02-19T10:00:18Z,-0.9764,news
11,2018-02-19T03:25:25Z,-0.296,news
12,2018-02-19T19:58:13Z,0.3182,news
13,2018-02-19T05:01:10Z,0,news
14,2018-02-19T16:18:16Z,0,news
15,2018-02-19T14:24:55Z,0,news
16,2018-02-19T07:53:49Z,-0.8555,news
17,2018-02-19T11:27:07Z,-0.6597,news
18,2018-02-19T13:15:52Z,0.4404,news
19,2018-02-19T07:30:07Z,-0.4871,news
0,2018-02-20T21:03:00Z,0.0516,news
1,2018-02-20T12:00:00Z,0.6124,news
2,2018-02-20T22:00:21Z,-0.8074,news
3,2018-02-20T16:30:00Z,0.9001,news
4,2018-02-20T21:01:00Z,0.5662,news
5,2018-02-20T23:50:00Z,-0.891,news
6,2018-02-20T19:00:00Z,-0.5256,news
7,2018-02-20T13:58:47Z,-0.3182,news
8,2018-02-20T04:14:24Z,0.5719,news
9,2018-02-20T20:39:16Z,0.9062,news
10,2018-02-20T10:45:14Z,-0.5719,news
11,2018-02-20T10:45:16Z,-0.4404,news
12,2018-02-20T13:34:19Z,-0.7906,news
13,2018-02-20T06:00:19Z,-0.6705,news
14,2018-02-20T23:03:38Z,0.4019,news
15,2018-02-20T10:00:19Z,-0.296,news
16,2018-02-20T10:45:15Z,-0.6249,news
17,2018-02-20T15:55:31Z,0.926,news
18,2018-02-20T21:17:07Z,0.8591,news
19,2018-02-20T22:47:10Z,0.3818,news
0,2018-02-21T15:22:00Z,0,news
1,2018-02-21T23:38:06Z,-0.6908,news
2,2018-02-21T13:00:00Z,-0.4404,news
3,2018-02-21T04:20:00Z,0.5994,news
4,2018-02-21T20:29:00Z,-0.2023,news
5,2018-02-21T15:05:18Z,-0.7096,news
6,2018-02-21T10:00:19Z,0.7096,news
7,2018-02-21T10:00:51Z,0,news
8,2018-02-21T10:00:01Z,0,news
9,2018-02-21T10:59:35Z,0.128,news
10,2018-02-21T15:57:17Z,0.5859,news
11,2018-02-21T22:03:14Z,0.8957,news
12,2018-02-21T17:50:49Z,-0.1531,news
13,2018-02-21T01:50:23Z,0.296,news
14,2018-02-21T23:17:42Z,-0.34,news
15,2018-02-21T17:30:09Z,0,news
16,2018-02-21T05:14:49Z,0,news
17,2018-02-21T03:30:49Z,0,news
18,2018-02-21T22:15:27Z,0.7845,news
19,2018-02-21T19:49:23Z,0.7351,news
0,2018-02-22T19:30:00Z,0.5927,news
1,2018-02-22T00:50:00Z,0.8481,news
2,2018-02-22T22:30:00Z,-0.5574,news
3,2018-02-22T16:00:00Z,0.5267,news
4,2018-02-22T21:41:00Z,0.8074,news
5,2018-02-22T11:08:54Z,0,news
6,2018-02-22T21:55:58Z,-0.743,news
7,2018-02-22T05:07:16Z,0.5267,news
8,2018-02-22T13:11:58Z,0.5406,news
9,2018-02-22T23:11:22Z,0,news
10,2018-02-22T19:58:55Z,0.0258,news
11,2018-02-22T10:00:29Z,-0.7964,news
12,2018-02-22T16:56:47Z,0.1027,news
13,2018-02-22T01:21:51Z,-0.9201,news
14,2018-02-22T00:05:03Z,0.3818,news
15,2018-02-22T20:26:34Z,-0.6566,news
16,2018-02-22T16:53:53Z,-0.2732,news
17,2018-02-22T02:59:54Z,0.4215,news
18,2018-02-22T09:53:11Z,-0.4939,news
19,2018-02-22T15:38:42Z,-0.8705,news
0,2018-02-23T14:00:00Z,0.4019,news
1,2018-02-23T15:06:51Z,0.1298,news
2,2018-02-23T15:32:33Z,0.4215,news
3,2018-02-23T20:45:00Z,-0.3167,news
4,2018-02-23T01:57:27Z,0.0847,news
5,2018-02-23T21:05:37Z,-0.3182,news
6,2018-02-23T17:54:59Z,-0.5859,news
7,2018-02-23T17:57:46Z,0.1531,news
8,2018-02-23T15:01:29Z,-0.3612,news
9,2018-02-23T23:46:39Z,-0.4767,news
10,2018-02-23T22:03:12Z,0.7346,news
11,2018-02-23T10:00:43Z,-0.34,news
12,2018-02-23T15:25:41Z,-0.0772,news
13,2018-02-23T23:03:19Z,0,news
14,2018-02-23T10:55:11Z,-0.4404,news
15,2018-02-23T04:40:36Z,0.4215,news
16,2018-02-23T17:50:04Z,-0.7845,news
17,2018-02-23T05:08:20Z,0,news
18,2018-02-23T05:08:09Z,0.5106,news
19,2018-02-23T08:18:57Z,-0.0258,news
0,2018-02-24T01:16:00Z,0,news
1,2018-02-24T22:25:00Z,0.7845,news
2,2018-02-24T22:46:13Z,0.0772,news
3,2018-02-24T16:38:41Z,0.4215,news
4,2018-02-24T00:38:09Z,0,news
5,2018-02-24T18:37:16Z,0.6707,news
6,2018-02-24T10:00:22Z,0.8591,news
7,2018-02-24T17:22:40Z,0.3071,news
8,2018-02-24T00:58:41Z,0.0258,news
9,2018-02-24T02:26:15Z,0,news
10,2018-02-24T01:01:38Z,0.4102,news
11,2018-02-24T12:19:15Z,0,news
12,2018-02-24T13:21:41Z,-0.6249,news
13,2018-02-24T21:06:19Z,-0.7184,news
14,2018-02-24T10:52:45Z,-0.9169,news
15,2018-02-24T13:56:38Z,-0.9136,news
16,2018-02-24T13:41:17Z,0.34,news
17,2018-02-24T11:43:33Z,0.5719,news
18,2018-02-24T20:35:25Z,0.765,news
19,2018-02-24T10:00:15Z,0.7998,news
0,2018-02-25T14:00:00Z,0.5574,news
1,2018-02-25T12:00:00Z,0,news
2,2018-02-25T22:15:00Z,-0.836,news
3,2018-02-25T11:00:21Z,0.2023,news
4,2018-02-25T16:46:39Z,0.7717,news
5,2018-02-25T11:31:59Z,0,news
6,2018-02-25T16:33:25Z,0,news
7,2018-02-25T18:56:15Z,0.2716,news
8,2018-02-25T02:42:38Z,-0.5106,news
9,2018-02-25T23:48:35Z,-0.5859,news
10,2018-02-25T16:14:25Z,-0.7096,news
11,2018-02-25T12:49:25Z,0,news
12,2018-02-25T02:03:35Z,0,news
13,2018-02-25T17:21:54Z,0,news
14,2018-02-25T23:42:09Z,0.3612,news
15,2018-02-25T03:07:53Z,0.1027,news
16,2018-02-25T14:23:25Z,0,news
17,2018-02-25T12:58:53Z,0.9252,news
18,2018-02-25T16:56:07Z,-0.0772,news
19,2018-02-25T16:54:35Z,-0.9728,news
0,2018-02-26T16:30:00Z,0.5574,news
1,2018-02-26T19:17:00Z,0.6249,news
2,2018-02-26T20:32:05Z,0.2023,news
3,2018-02-26T18:18:30Z,0.128,news
4,2018-02-26T12:00:00Z,0.2023,news
5,2018-02-26T22:40:00Z,-0.3182,news
6,2018-02-26T10:00:01Z,-0.3313,news
7,2018-02-26T23:18:59Z,0,news
8,2018-02-26T23:58:06Z,-0.1263,news
9,2018-02-26T05:17:23Z,0,news
10,2018-02-26T01:01:53Z,0.7269,news
11,2018-02-26T08:00:25Z,-0.6249,news
12,2018-02-26T18:33:16Z,-0.765,news
13,2018-02-26T05:00:55Z,0.1779,news
14,2018-02-26T21:57:20Z,0.5994,news
15,2018-02-26T10:28:08Z,-0.3182,news
16,2018-02-26T15:29:10Z,-0.296,news
17,2018-02-26T00:40:01Z,0,news
18,2018-02-26T22:05:12Z,0,news
19,2018-02-26T23:30:14Z,-0.743,news
0,2018-02-27T18:01:04Z,-0.5719,news
1,2018-02-27T23:13:03Z,0.34,news
2,2018-02-27T11:00:00Z,0.7845,news
3,2018-02-27T16:04:17Z,0,news
4,2018-02-27T22:00:32Z,0.1779,news
5,2018-02-27T21:30:00Z,-0.2732,news
6,2018-02-27T22:35:00Z,0.2911,news
7,2018-02-27T23:32:14Z,-0.7579,news
8,2018-02-27T21:42:53Z,0.0258,news
9,2018-02-27T13:56:33Z,0.4939,news
10,2018-02-27T23:55:11Z,0.802,news
11,2018-02-27T05:14:15Z,0,news
12,2018-02-27T15:27:27Z,-0.7964,news
13,2018-02-27T02:44:44Z,0,news
14,2018-02-27T10:30:08Z,-0.3818,news
15,2018-02-27T18:38:45Z,-0.6124,news
16,2018-02-27T20:40:58Z,0.0772,news
17,2018-02-27T19:03:30Z,0.1531,news
18,2018-02-27T02:10:12Z,-0.3728,news
19,2018-02-27T12:41:19Z,0,news
0,2018-02-28T12:00:00Z,-0.4939,news
1,2018-02-28T18:00:33Z,0.8442,news
2,2018-02-28T15:55:00Z,-0.8126,news
3,2018-02-28T01:35:00Z,-0.6249,news
4,2018-02-28T10:45:54Z,0.8126,news
5,2018-02-28T10:14:11Z,-0.5994,news
6,2018-02-28T15:47:09Z,-0.8625,news
7,2018-02-28T21:38:19Z,-0.25,news
8,2018-02-28T10:00:49Z,-0.296,news
9,2018-02-28T17:39:48Z,-0.5983,news
10,2018-02-28T23:37:44Z,0.2003,news
11,2018-02-28T14:00:45Z,0.2263,news
12,2018-02-28T10:00:31Z,0,news
13,2018-02-28T14:31:11Z,0,news
14,2018-02-28T17:47:50Z,-0.7641,news
15,2018-02-28T18:08:34Z,-0.4588,news
16,2018-02-28T00:51:57Z,-0.8658,news
17,2018-02-28T16:04:55Z,-0.4404,news
18,2018-02-28T23:08:18Z,-0.9153,news
19,2018-02-28T23:18:07Z,0.128,news
0,2018-03-01T01:26:00Z,-0.3612,news
1,2018-03-01T22:30:00Z,-0.705,news
2,2018-03-01T17:40:00Z,-0.128,news
3,2018-03-01T02:27:36Z,-0.4404,news
4,2018-03-01T12:53:46Z,-0.802,news
5,2018-03-01T10:00:45Z,-0.9118,news
6,2018-03-01T01:51:50Z,-0.25,news
7,2018-03-01T09:32:40Z,0.7096,news
8,2018-03-01T16:45:20Z,-0.3646,news
9,2018-03-01T05:01:59Z,0.4404,news
10,2018-03-01T19:02:53Z,-0.4404,news
11,2018-03-01T04:29:53Z,-0.7351,news
12,2018-03-01T15:03:07Z,-0.7501,news
13,2018-03-01T22:08:37Z,-0.8074,news
14,2018-03-01T23:55:25Z,0.4404,news
15,2018-03-01T10:33:07Z,-0.6124,news
16,2018-03-01T23:00:11Z,0,news
17,2018-03-01T10:00:43Z,-0.7717,news
18,2018-03-01T20:22:47Z,-0.0258,news
19,2018-03-01T00:26:08Z,0.5574,news
0,2018-03-02T14:18:00Z,-0.8044,news
1,2018-03-02T21:59:32Z,0.4939,news
2,2018-03-02T01:06:52Z,0.8074,news
3,2018-03-02T12:00:00Z,0.2023,news
4,2018-03-02T13:21:24Z,0.2584,news
5,2018-03-02T15:13:54Z,-0.8074,news
6,2018-03-02T02:19:58Z,-0.6597,news
7,2018-03-02T19:07:19Z,0.6369,news
8,2018-03-02T21:32:15Z,0.128,news
9,2018-03-02T23:02:20Z,0,news
10,2018-03-02T21:28:43Z,-0.7906,news
11,2018-03-02T05:01:46Z,0,news
12,2018-03-02T15:47:36Z,0.0516,news
13,2018-03-02T19:32:29Z,0.3818,news
14,2018-03-02T17:18:06Z,0,news
15,2018-03-02T10:36:58Z,0.7003,news
16,2018-03-02T11:18:11Z,-0.0258,news
17,2018-03-02T15:26:38Z,-0.8555,news
18,2018-03-02T10:00:55Z,0.4019,news
19,2018-03-02T10:01:24Z,-0.8225,news
0,2018-03-03T00:42:41Z,0.34,news
1,2018-03-03T21:03:40Z,-0.8316,news
2,2018-03-03T00:51:19Z,-0.4215,news
3,2018-03-03T04:00:18Z,0.6124,news
4,2018-03-03T13:13:15Z,0.8176,news
5,2018-03-03T00:36:49Z,0.7906,news
6,2018-03-03T02:17:36Z,-0.0258,news
7,2018-03-03T16:32:12Z,0.2263,news
8,2018-03-03T18:53:41Z,-0.9042,news
9,2018-03-03T17:18:05Z,-0.6808,news
10,2018-03-03T10:08:34Z,0.2263,news
11,2018-03-03T02:04:00Z,0.1531,news
12,2018-03-03T18:16:47Z,0.2263,news
13,2018-03-03T17:00:48Z,0,news
14,2018-03-03T17:28:02Z,0,news
15,2018-03-03T12:17:36Z,-0.743,news
16,2018-03-03T11:55:31Z,0.0516,news
17,2018-03-03T14:00:19Z,-0.4033,news
18,2018-03-03T13:00:23Z,0.0395,news
19,2018-03-03T19:33:59Z,-0.8979,news
0,2018-03-04T14:00:00Z,0.4404,news
1,2018-03-04T17:01:50Z,-0.9505,news
2,2018-03-04T17:17:01Z,0.6775,news
3,2018-03-04T04:41:10Z,0.7351,news
4,2018-03-04T00:01:01Z,0.2732,news
5,2018-03-04T11:57:30Z,0.2023,news
6,2018-03-04T19:17:33Z,0,news
7,2018-03-04T14:50:53Z,0.8636,news
8,2018-03-04T10:00:32Z,0.6908,news
9,2018-03-04T01:54:01Z,0.6705,news
10,2018-03-04T14:28:02Z,0.6743,news
11,2018-03-04T13:34:19Z,-0.4939,news
12,2018-03-04T23:55:00Z,0.1779,news
13,2018-03-04T20:57:47Z,0.25,news
14,2018-03-04T13:52:35Z,-0.296,news
15,2018-03-04T05:48:27Z,0.2263,news
16,2018-03-04T22:57:02Z,-0.7717,news
17,2018-03-04T04:27:12Z,0.8247,news
18,2018-03-04T04:14:02Z,-0.3612,news
19,2018-03-04T19:00:16Z,-0.296,news
0,2018-03-05T22:07:00Z,0,news
1,2018-03-05T12:00:00Z,-0.5719,news
2,2018-03-05T01:41:00Z,-0.0516,news
3,2018-03-05T10:00:51Z,-0.5267,news
4,2018-03-05T16:55:39Z,-0.5994,news
5,2018-03-05T08:00:30Z,-0.0516,news
6,2018-03-05T13:58:06Z,0.8225,news
7,2018-03-05T22:53:17Z,0.296,news
8,2018-03-05T21:19:13Z,-0.7125,news
9,2018-03-05T01:52:16Z,0,news
10,2018-03-05T10:45:25Z,0,news
11,2018-03-05T10:45:26Z,0.0258,news
12,2018-03-05T10:45:26Z,0.4404,news
13,2018-03-05T22:53:23Z,0,news
14,2018-03-05T19:17:50Z,0,news
15,2018-03-05T10:33:25Z,0.8979,news
16,2018-03-05T22:21:47Z,0.296,news
17,2018-03-05T21:29:40Z,0.4588,news
18,2018-03-05T21:32:58Z,0.3818,news
19,2018-03-05T16:17:41Z,0.8779,news
0,2018-03-06T02:00:00Z,-0.1318,news
1,2018-03-06T08:23:02Z,0.875,news
2,2018-03-06T19:10:32Z,-0.7096,news
3,2018-03-06T23:45:17Z,-0.0972,news
4,2018-03-06T01:17:49Z,-0.296,news
5,2018-03-06T19:27:52Z,0,news
6,2018-03-06T19:54:12Z,-0.3248,news
7,2018-03-06T22:33:51Z,-0.6124,news
8,2018-03-06T23:25:23Z,0.2263,news
9,2018-03-06T14:22:05Z,-0.7717,news
10,2018-03-06T01:47:26Z,0.1655,news
11,2018-03-06T00:32:26Z,-0.6808,news
12,2018-03-06T10:49:30Z,0.4019,news
13,2018-03-06T05:07:58Z,0,news
14,2018-03-06T21:16:19Z,-0.121,news
15,2018-03-06T01:47:46Z,-0.6597,news
16,2018-03-06T02:38:36Z,0.7351,news
17,2018-03-06T22:53:30Z,0.0584,news
18,2018-03-06T20:54:24Z,-0.34,news
19,2018-03-06T11:05:23Z,0,news
0,2018-03-07T00:04:00Z,0.7906,news
1,2018-03-07T18:17:00Z,0.2732,news
2,2018-03-07T12:00:00Z,-0.349,news
3,2018-03-07T05:30:00Z,-0.6124,news
4,2018-03-07T19:17:00Z,-0.6901,news
5,2018-03-07T18:55:00Z,-0.8779,news
6,2018-03-07T19:45:00Z,-0.9022,news
7,2018-03-07T03:08:59Z,-0.2263,news
8,2018-03-07T00:43:53Z,0.34,news
9,2018-03-07T00:46:17Z,0.4404,news
10,2018-03-07T01:36:04Z,0,news
11,2018-03-07T06:30:06Z,0.7269,news
12,2018-03-07T22:52:17Z,0,news
13,2018-03-07T17:16:07Z,0.7906,news
14,2018-03-07T09:53:28Z,0.4404,news
15,2018-03-07T18:07:54Z,-0.6597,news
16,2018-03-07T10:00:41Z,0.8074,news
17,2018-03-07T22:11:59Z,0.9064,news
18,2018-03-07T01:03:29Z,0.9349,news
19,2018-03-07T20:55:52Z,0.9022,news
0,2018-03-08T23:32:00Z,-0.6705,news
1,2018-03-08T17:28:00Z,-0.7269,news
2,2018-03-08T11:41:00Z,0.0752,news
3,2018-03-08T15:01:39Z,0.7003,news
4,2018-03-08T17:20:00Z,0,news
5,2018-03-08T00:20:00Z,-0.7269,news
6,2018-03-08T23:45:00Z,-0.7184,news
7,2018-03-08T13:05:00Z,-0.759,news
8,2018-03-08T23:12:27Z,0,news
9,2018-03-08T01:26:48Z,0.2374,news
10,2018-03-08T21:12:10Z,-0.9022,news
11,2018-03-08T18:54:33Z,-0.3612,news
12,2018-03-08T20:24:51Z,-0.7096,news
13,2018-03-08T22:21:07Z,0.8402,news
14,2018-03-08T16:30:00Z,0.4215,news
15,2018-03-08T13:30:00Z,0.7506,news
16,2018-03-08T06:19:06Z,0.7096,news
17,2018-03-08T10:02:10Z,0.25,news
18,2018-03-08T10:00:11Z,0.5859,news
19,2018-03-08T17:40:37Z,0.2023,news
0,2018-03-09T02:19:02Z,-0.5837,news
1,2018-03-09T07:16:38Z,0.296,news
2,2018-03-09T22:44:20Z,0.7964,news
3,2018-03-09T12:30:00Z,0.5423,news
4,2018-03-09T00:20:00Z,-0.34,news
5,2018-03-09T17:21:00Z,0.0516,news
6,2018-03-09T20:12:01Z,-0.5423,news
7,2018-03-09T19:09:04Z,0,news
8,2018-03-09T14:58:12Z,0,news
9,2018-03-09T01:12:16Z,0.2732,news
10,2018-03-09T04:57:35Z,0,news
11,2018-03-09T07:39:25Z,-0.2023,news
12,2018-03-09T00:16:47Z,0.6808,news
13,2018-03-09T22:48:50Z,0,news
14,2018-03-09T02:47:16Z,0.6249,news
15,2018-03-09T10:00:16Z,0.2263,news
16,2018-03-09T05:04:05Z,0,news
17,2018-03-09T10:00:22Z,0.2732,news
18,2018-03-09T15:58:45Z,-0.2927,news
19,2018-03-09T16:02:18Z,-0.9317,news
0,2018-03-10T03:01:59Z,-0.4215,news
1,2018-03-10T22:53:34Z,-0.8357,news
2,2018-03-10T20:13:40Z,0,news
3,2018-03-10T01:48:40Z,0.3818,news
4,2018-03-10T20:28:47Z,0.4019,news
5,2018-03-10T10:00:02Z,0.6369,news
6,2018-03-10T16:57:57Z,0.4019,news
7,2018-03-10T01:40:06Z,-0.3818,news
8,2018-03-10T01:34:44Z,-0.2406,news
9,2018-03-10T01:38:54Z,0.2047,news
10,2018-03-10T00:08:41Z,0.6369,news
11,2018-03-10T11:49:43Z,0,news
12,2018-03-10T23:35:56Z,-0.4585,news
13,2018-03-10T17:00:33Z,0.5719,news
14,2018-03-10T14:31:59Z,-0.3612,news
15,2018-03-10T09:30:19Z,0.8519,news
16,2018-03-10T15:17:39Z,-0.6369,news
17,2018-03-10T22:42:00Z,0.6808,news
18,2018-03-10T15:21:00Z,0.2732,news
19,2018-03-10T01:52:29Z,-0.0772,news
0,2018-03-11T15:00:00Z,0.4019,news
1,2018-03-11T20:32:07Z,-0.1531,news
2,2018-03-11T23:01:48Z,-0.4939,news
3,2018-03-11T09:00:12Z,0.91,news
4,2018-03-11T02:52:06Z,0.796,news
5,2018-03-11T02:12:06Z,0.0516,news
6,2018-03-11T17:58:16Z,0.7003,news
7,2018-03-11T09:42:03Z,0.7506,news
8,2018-03-11T19:04:14Z,-0.5994,news
9,2018-03-11T09:58:59Z,0.2023,news
10,2018-03-11T13:34:53Z,0.5423,news
11,2018-03-11T00:32:38Z,0,news
12,2018-03-11T17:38:12Z,-0.5423,news
13,2018-03-11T02:15:16Z,-0.9001,news
14,2018-03-11T15:49:09Z,0.872,news
15,2018-03-11T13:43:12Z,0,news
16,2018-03-11T00:40:47Z,0.3182,news
17,2018-03-11T00:38:49Z,0.34,news
18,2018-03-11T19:46:30Z,0.4939,news
19,2018-03-11T00:25:47Z,-0.2732,news
0,2018-03-12T22:49:00Z,0.5574,news
1,2018-03-12T23:16:00Z,0.5994,news
2,2018-03-12T12:00:00Z,0.3612,news
3,2018-03-12T16:00:00Z,0.5352,news
4,2018-03-12T22:42:59Z,-0.0516,news
5,2018-03-12T22:47:56Z,-0.1531,news
6,2018-03-12T23:31:29Z,-0.6369,news
7,2018-03-12T20:10:00Z,0,news
8,2018-03-12T23:07:38Z,-0.0258,news
9,2018-03-12T13:11:03Z,-0.4019,news
10,2018-03-12T15:17:22Z,0.1027,news
11,2018-03-12T00:41:11Z,-0.128,news
12,2018-03-12T12:00:07Z,0,news
13,2018-03-12T01:35:15Z,0.2023,news
14,2018-03-12T04:16:43Z,0,news
15,2018-03-12T22:01:59Z,0,news
16,2018-03-12T09:53:29Z,0,news
17,2018-03-12T20:53:07Z,-0.1531,news
18,2018-03-12T14:56:38Z,-0.0772,news
19,2018-03-12T15:55:47Z,0.3156,news
0,2018-03-13T15:52:00Z,-0.4939,news
1,2018-03-13T20:19:15Z,-0.5267,news
2,2018-03-13T14:38:49Z,-0.5574,news
3,2018-03-13T14:20:10Z,-0.644,news
4,2018-03-13T16:19:44Z,-0.34,news
5,2018-03-13T14:01:08Z,0.5423,news
6,2018-03-13T01:20:31Z,-0.5423,news
7,2018-03-13T11:00:00Z,0.3612,news
8,2018-03-13T21:50:00Z,0.3612,news
9,2018-03-13T17:00:00Z,0.5719,news
10,2018-03-13T20:31:00Z,-0.9403,news
11,2018-03-13T14:29:36Z,0,news
12,2018-03-13T18:51:34Z,0,news
13,2018-03-13T22:08:03Z,0.4939,news
14,2018-03-13T17:12:15Z,-0.296,news
15,2018-03-13T16:18:15Z,0.6486,news
16,2018-03-13T04:02:05Z,0,news
17,2018-03-13T15:17:02Z,-0.8823,news
18,2018-03-13T23:21:55Z,-0.296,news
19,2018-03-13T14:20:33Z,-0.9022,news
0,2018-03-14T02:50:42Z,-0.0258,news
1,2018-03-14T01:30:00Z,-0.6436,news
2,2018-03-14T21:25:00Z,0.765,news
3,2018-03-14T13:33:00Z,-0.9628,news
4,2018-03-14T15:19:00Z,-0.6124,news
5,2018-03-14T09:45:05Z,-0.8848,news
6,2018-03-14T17:38:04Z,0.4939,news
7,2018-03-14T17:40:12Z,0,news
8,2018-03-14T00:16:22Z,-0.1779,news
9,2018-03-14T23:40:00Z,0.0772,news
10,2018-03-14T10:18:10Z,-0.5719,news
11,2018-03-14T05:07:10Z,0,news
12,2018-03-14T14:03:08Z,-0.6908,news
13,2018-03-14T23:25:58Z,-0.3269,news
14,2018-03-14T16:25:03Z,-0.0772,news
15,2018-03-14T18:36:34Z,-0.4767,news
16,2018-03-14T15:56:00Z,-0.8271,news
17,2018-03-14T18:11:20Z,0.2023,news
18,2018-03-14T09:48:15Z,0.6705,news
19,2018-03-14T21:43:33Z,-0.743,news
0,2018-03-15T20:54:44Z,-0.34,news
1,2018-03-15T17:27:16Z,-0.0772,news
2,2018-03-15T20:20:00Z,-0.7964,news
3,2018-03-15T22:50:00Z,-0.2732,news
4,2018-03-15T16:35:00Z,-0.6124,news
5,2018-03-15T00:48:34Z,0.7906,news
6,2018-03-15T00:15:33Z,-0.1531,news
7,2018-03-15T17:07:03Z,0.4019,news
8,2018-03-15T05:02:46Z,0.5267,news
9,2018-03-15T09:53:24Z,-0.4019,news
10,2018-03-15T10:23:10Z,-0.5116,news
11,2018-03-15T14:08:29Z,-0.0258,news
12,2018-03-15T15:05:48Z,-0.6876,news
13,2018-03-15T12:59:35Z,-0.7542,news
14,2018-03-15T10:00:00Z,0.8402,news
15,2018-03-15T22:12:46Z,0.7769,news
16,2018-03-15T09:00:11Z,-0.3818,news
17,2018-03-15T19:45:14Z,-0.2263,news
18,2018-03-15T09:05:23Z,0.9468,news
19,2018-03-15T22:07:05Z,0,news
0,2018-03-16T13:00:00Z,0.2732,news
1,2018-03-16T13:10:40Z,0.6808,news
2,2018-03-16T23:35:20Z,0,news
3,2018-03-16T15:40:00Z,-0.926,news
4,2018-03-16T18:00:00Z,-0.743,news
5,2018-03-16T00:31:48Z,0.5574,news
6,2018-03-16T07:54:26Z,0.9201,news
7,2018-03-16T00:05:01Z,0.1779,news
8,2018-03-16T22:48:16Z,0.2263,news
9,2018-03-16T11:07:26Z,-0.7269,news
10,2018-03-16T19:35:52Z,0.3937,news
11,2018-03-16T16:20:31Z,0.8689,news
12,2018-03-16T19:45:28Z,0.3182,news
13,2018-03-16T20:30:51Z,-0.4407,news
14,2018-03-16T17:50:03Z,-0.128,news
15,2018-03-16T04:40:34Z,0,news
16,2018-03-16T11:03:37Z,0,news
17,2018-03-16T18:06:23Z,-0.34,news
18,2018-03-16T06:23:29Z,0.4019,news
19,2018-03-16T00:20:28Z,-0.7579,news
0,2018-03-17T18:29:00Z,0.6652,news
1,2018-03-17T16:20:05Z,-0.6705,news
2,2018-03-17T16:53:20Z,-0.2617,news
3,2018-03-17T02:15:52Z,-0.4767,news
4,2018-03-17T21:30:59Z,0.7003,news
5,2018-03-17T16:30:00Z,0.34,news
6,2018-03-17T21:20:53Z,0.3182,news
7,2018-03-17T01:27:35Z,-0.204,news
8,2018-03-17T02:18:12Z,-0.5647,news
9,2018-03-17T01:44:02Z,-0.6597,news
10,2018-03-17T09:00:01Z,0.0772,news
11,2018-03-17T17:37:36Z,-0.521,news
12,2018-03-17T18:26:07Z,-0.6705,news
13,2018-03-17T15:48:14Z,0.4019,news
14,2018-03-17T14:02:52Z,0,news
15,2018-03-17T00:36:23Z,0.6369,news
16,2018-03-17T01:17:23Z,-0.2732,news
17,2018-03-17T01:26:02Z,0,news
18,2018-03-17T14:23:03Z,0.1779,news
19,2018-03-17T08:19:40Z,0.1796,news
0,2018-03-18T20:45:00Z,0.4404,news
1,2018-03-18T13:00:00Z,0.2846,news
2,2018-03-18T01:40:16Z,-0.6922,news
3,2018-03-18T22:14:29Z,-0.8658,news
4,2018-03-18T13:55:47Z,-0.6486,news
5,2018-03-18T19:03:14Z,0,news
6,2018-03-18T13:01:45Z,-0.7003,news
7,2018-03-18T15:47:40Z,-0.6597,news
8,2018-03-18T19:23:41Z,-0.34,news
9,2018-03-18T21:41:12Z,-0.7693,news
10,2018-03-18T10:00:12Z,0.2023,news
11,2018-03-18T23:52:32Z,-0.4215,news
12,2018-03-18T21:35:34Z,0.4019,news
13,2018-03-18T09:00:06Z,0.6444,news
14,2018-03-18T15:24:53Z,0.4404,news
15,2018-03-18T05:51:52Z,0.5106,news
16,2018-03-18T16:21:11Z,-0.4404,news
17,2018-03-18T17:59:53Z,0.7227,news
18,2018-03-18T00:55:22Z,-0.1779,news
19,2018-03-18T13:09:05Z,0,news
0,3/20/18 0:28,0.3722,tweet
1,3/19/18 22:38,0.09,tweet
2,3/19/18 13:07,-0.481,tweet
3,3/19/18 12:16,0.6892,tweet
4,3/18/18 12:35,0.444,tweet
5,3/18/18 12:22,-0.7351,tweet
6,3/18/18 12:02,0.7184,tweet
7,3/18/18 0:12,-0.9495,tweet
8,3/17/18 17:34,-0.7982,tweet
9,3/17/18 17:11,0.2263,tweet
10,3/17/18 15:00,0.5719,tweet
11,3/17/18 4:08,0.536,tweet
12,3/16/18 17:42,0.5106,tweet
13,3/16/18 16:27,0.9168,tweet
14,3/16/18 14:40,0.608,tweet
15,3/16/18 1:49,0,tweet
16,3/15/18 23:10,0.5263,tweet
17,3/15/18 17:47,0.7574,tweet
18,3/15/18 17:47,0,tweet
19,3/15/18 13:29,0.3157,tweet
20,3/15/18 11:11,0.8977,tweet
21,3/15/18 4:31,0.5423,tweet
22,3/14/18 23:49,0.3525,tweet
23,3/14/18 22:36,0.729,tweet
24,3/14/18 21:25,0.3734,tweet
25,3/14/18 21:20,0.4199,tweet
26,3/14/18 14:37,-0.281,tweet
27,3/14/18 13:54,0.4199,tweet
28,3/14/18 13:12,0.2481,tweet
29,3/14/18 13:02,-0.1043,tweet
30,3/14/18 0:34,0.9684,tweet
31,3/14/18 0:25,0.9742,tweet
32,3/13/18 23:55,0.9742,tweet
33,3/13/18 22:23,0.5562,tweet
34,3/13/18 15:27,-0.8564,tweet
35,3/13/18 15:24,-0.8176,tweet
36,3/13/18 14:37,0,tweet
37,3/13/18 12:44,0.9033,tweet
38,3/13/18 12:28,-0.2003,tweet
39,3/13/18 0:49,0.2263,tweet
40,3/12/18 21:13,0.9381,tweet
41,3/12/18 14:43,0.2716,tweet
42,3/12/18 14:12,-0.8016,tweet
43,3/12/18 13:22,-0.438,tweet
44,3/12/18 13:15,0.9286,tweet
45,3/12/18 12:20,0.3182,tweet
46,3/11/18 15:16,0.536,tweet
47,3/11/18 14:49,0.7574,tweet
48,3/11/18 14:02,0.7506,tweet
49,3/11/18 13:50,-0.743,tweet
50,3/11/18 13:41,0.7526,tweet
51,3/11/18 1:37,0.8367,tweet
52,3/10/18 23:56,0.7644,tweet
53,3/10/18 21:29,-0.747,tweet
54,3/10/18 20:02,0.4321,tweet
55,3/10/18 18:38,0.8221,tweet
56,3/10/18 18:22,0.9259,tweet
57,3/10/18 17:23,0.7419,tweet
58,3/10/18 16:15,0.4753,tweet
59,3/10/18 15:52,0.9184,tweet
60,3/10/18 15:22,0.4753,tweet
61,3/10/18 13:38,-0.8399,tweet
62,3/10/18 0:42,0.6801,tweet
63,3/9/18 22:48,0.9144,tweet
64,3/9/18 20:40,0.7896,tweet
65,3/9/18 20:35,0.4574,tweet
66,3/9/18 16:47,0,tweet
67,3/9/18 1:08,0.8388,tweet
68,3/8/18 22:17,0.4215,tweet
69,3/8/18 22:16,0.4215,tweet
70,3/8/18 18:58,0.6588,tweet
71,3/8/18 18:20,0.7845,tweet
72,3/8/18 12:38,0.9313,tweet
73,3/7/18 15:38,0.6281,tweet
74,3/7/18 15:10,0.5551,tweet
75,3/7/18 11:40,-0.5038,tweet
76,3/7/18 11:24,-0.6114,tweet
77,3/7/18 10:44,0.8588,tweet
78,3/7/18 0:49,0.4753,tweet
79,3/6/18 14:11,0.7772,tweet
80,3/6/18 13:46,-0.5294,tweet
81,3/6/18 13:25,-0.636,tweet
82,3/6/18 13:07,0.6908,tweet
83,3/6/18 13:05,0,tweet
84,3/6/18 13:02,0.4003,tweet
85,3/6/18 13:00,-0.3164,tweet
86,3/6/18 12:55,-0.7916,tweet
87,3/5/18 20:37,0.7177,tweet
88,3/5/18 13:22,0.6548,tweet
89,3/5/18 12:57,0.6696,tweet
90,3/5/18 11:53,0.2551,tweet
91,3/5/18 11:47,0.25,tweet
92,3/5/18 0:10,-0.2619,tweet
93,3/4/18 17:42,0.742,tweet
94,3/3/18 17:53,0.6696,tweet
95,3/3/18 17:43,0.5848,tweet
96,3/3/18 17:33,-0.6932,tweet
97,3/3/18 14:15,0.6114,tweet
98,3/2/18 20:31,0.126,tweet
99,3/2/18 19:48,0.6731,tweet
100,3/2/18 13:57,-0.6919,tweet
101,3/2/18 13:01,-0.2942,tweet
102,3/2/18 11:18,0,tweet
103,3/2/18 11:07,-0.1007,tweet
104,3/2/18 10:50,0.9381,tweet
105,3/2/18 10:42,-0.1007,tweet
106,3/2/18 3:04,0.4926,tweet
107,3/2/18 2:59,0.3612,tweet
108,3/2/18 2:58,0,tweet
109,3/2/18 0:52,0.2481,tweet
110,3/2/18 0:51,-0.3382,tweet
111,3/1/18 21:31,0.596,tweet
112,3/1/18 20:40,0.5106,tweet
113,3/1/18 18:26,0.1027,tweet
114,3/1/18 18:06,-0.1759,tweet
115,3/1/18 12:12,0.6155,tweet
116,3/1/18 11:53,0.8221,tweet
117,2/28/18 21:34,0.9108,tweet
118,2/28/18 19:01,0.9698,tweet
119,2/28/18 18:36,0,tweet
120,2/28/18 17:10,0.8305,tweet
121,2/28/18 14:34,-0.8698,tweet
122,2/28/18 14:08,-0.25,tweet
123,2/28/18 12:29,0.7371,tweet
124,2/28/18 12:02,0.8387,tweet
125,2/28/18 4:28,0.7345,tweet
126,2/28/18 4:20,0.7712,tweet
127,2/27/18 22:58,0.902,tweet
128,2/27/18 22:55,0.4215,tweet
129,2/27/18 18:18,0.8622,tweet
130,2/27/18 18:11,0.923,tweet
131,2/27/18 12:49,-0.4199,tweet
132,2/27/18 12:45,0.3618,tweet
133,2/27/18 12:28,-0.3182,tweet
134,2/27/18 11:59,0.8906,tweet
135,2/25/18 19:43,0.6124,tweet
136,2/25/18 3:56,0,tweet
137,2/25/18 3:11,-0.3071,tweet
138,2/25/18 3:10,0,tweet
139,2/25/18 1:00,0.5411,tweet
140,2/25/18 0:56,-0.4574,tweet
141,2/24/18 23:44,-0.8221,tweet
142,2/24/18 23:20,0.6239,tweet
143,2/24/18 23:16,-0.9161,tweet
144,2/24/18 22:26,0.5399,tweet
145,2/24/18 21:18,0.7774,tweet
146,2/24/18 21:07,-0.8932,tweet
147,2/24/18 20:16,0.8126,tweet
148,2/24/18 18:54,0.9468,tweet
149,2/24/18 13:23,0.4767,tweet
150,2/24/18 13:21,-0.4017,tweet
151,2/23/18 22:46,0.8955,tweet
152,2/23/18 21:19,0.7959,tweet
153,2/23/18 17:12,0.9363,tweet
154,2/23/18 17:08,0.8567,tweet
155,2/23/18 17:06,0.8016,tweet
156,2/23/18 13:09,0.5857,tweet
157,2/23/18 13:07,0.1516,tweet
158,2/23/18 13:01,0,tweet
159,2/23/18 11:28,-0.7014,tweet
160,2/23/18 1:26,-0.8652,tweet
161,2/22/18 20:07,0.9097,tweet
162,2/22/18 16:29,0.8528,tweet
163,2/22/18 14:53,0.2244,tweet
164,2/22/18 14:31,0.9581,tweet
165,2/22/18 13:13,0.7639,tweet
166,2/22/18 13:05,-0.6257,tweet
167,2/22/18 12:54,-0.3689,tweet
168,2/22/18 12:40,-0.9364,tweet
169,2/22/18 12:26,0.743,tweet
170,2/22/18 1:40,0.8309,tweet
171,2/21/18 21:12,-0.1779,tweet
172,2/21/18 18:20,0.9633,tweet
173,2/21/18 14:40,0,tweet
174,2/21/18 14:22,0.6271,tweet
175,2/21/18 14:03,0,tweet
176,2/21/18 1:18,0.5411,tweet
177,2/21/18 1:14,0.7322,tweet
178,2/21/18 1:08,-0.7602,tweet
179,2/20/18 17:49,0.6286,tweet
180,2/20/18 15:29,0.197,tweet
181,2/20/18 15:16,0.6239,tweet
182,2/20/18 13:38,-0.4003,tweet
183,2/20/18 13:11,0.8997,tweet
184,2/20/18 13:03,0.7177,tweet
185,2/20/18 12:54,0.4753,tweet
186,2/20/18 12:46,0.8885,tweet
187,2/20/18 12:37,-0.7522,tweet
188,2/20/18 12:24,0.8268,tweet
189,2/20/18 2:48,0.8607,tweet
190,2/20/18 2:29,0.7569,tweet
191,2/20/18 2:21,0.9508,tweet
192,2/19/18 19:55,0,tweet
193,2/19/18 13:42,0.4295,tweet
194,2/19/18 4:28,-0.2714,tweet
195,2/18/18 19:13,0.9245,tweet
196,2/18/18 17:10,0.6697,tweet
197,2/18/18 13:55,0.8622,tweet
198,2/18/18 13:46,-0.7579,tweet
199,2/18/18 13:11,0.3382,tweet
200,2/18/18 12:53,0,tweet
201,2/18/18 12:43,0.5574,tweet
202,2/18/18 12:33,0.2714,tweet
203,2/18/18 12:22,-0.8807,tweet
204,2/18/18 12:02,0.5707,tweet
205,2/18/18 4:22,-0.4926,tweet
206,2/18/18 4:08,-0.7138,tweet
207,2/17/18 23:45,-0.126,tweet
208,2/17/18 20:16,-0.5574,tweet
209,2/17/18 20:11,-0.7823,tweet
210,2/17/18 19:46,0.1007,tweet
211,2/17/18 19:36,-0.8573,tweet
212,2/17/18 19:26,-0.8316,tweet
213,2/17/18 19:04,0.2401,tweet
214,2/17/18 4:53,0.8208,tweet
215,2/16/18 20:18,0.5767,tweet
216,2/16/18 14:49,-0.8188,tweet
217,2/16/18 14:37,-0.533,tweet
218,2/15/18 20:19,-0.5267,tweet
219,2/15/18 19:26,-0.3595,tweet
220,2/15/18 19:25,-0.7184,tweet
221,2/15/18 19:22,-0.0258,tweet
222,2/15/18 17:33,-0.4215,tweet
223,2/15/18 14:57,0.8832,tweet
224,2/15/18 12:12,-0.8777,tweet
225,2/14/18 20:55,-0.4767,tweet
226,2/14/18 20:50,-0.765,tweet
227,2/14/18 19:11,0.836,tweet
228,2/14/18 18:15,0.9246,tweet
229,2/13/18 10:52,0.7733,tweet
230,2/13/18 10:43,0.8074,tweet
231,2/12/18 20:48,0.8439,tweet
232,2/12/18 12:54,0.6695,tweet
233,2/12/18 12:46,-0.632,tweet
234,2/11/18 20:36,-0.3164,tweet
235,2/11/18 20:26,0.9761,tweet
236,2/11/18 19:15,0.7263,tweet
237,2/11/18 18:21,-0.4226,tweet
238,2/10/18 23:34,0.8932,tweet
239,2/10/18 21:18,0,tweet
240,2/10/18 18:50,0.2244,tweet
241,2/10/18 18:34,-0.5719,tweet
242,2/10/18 18:16,-0.6808,tweet
243,2/10/18 15:33,-0.8442,tweet
244,2/10/18 15:20,0.4926,tweet
245,2/10/18 14:20,-0.6114,tweet
246,2/10/18 14:02,-0.3382,tweet
247,2/9/18 13:59,-0.6114,tweet
248,2/9/18 13:47,-0.4449,tweet
249,2/9/18 13:39,0.7959,tweet
250,2/9/18 3:22,0.5529,tweet
251,2/8/18 23:26,0.6124,tweet
252,2/8/18 20:10,0.9287,tweet
253,2/8/18 18:44,0,tweet
254,2/8/18 17:13,0.4278,tweet
255,2/8/18 11:08,0.9359,tweet
256,2/7/18 22:36,0.9465,tweet
257,2/7/18 22:13,0.947,tweet
258,2/7/18 18:01,0.9666,tweet
259,2/7/18 16:10,0,tweet
260,2/7/18 14:59,0.7644,tweet
261,2/7/18 3:05,0.9215,tweet
262,2/7/18 0:48,0.8188,tweet
263,2/6/18 22:45,-0.8316,tweet
264,2/6/18 16:05,-0.25,tweet
265,2/6/18 16:00,0.5256,tweet
266,2/6/18 13:37,0.8591,tweet
267,2/6/18 13:32,-0.9151,tweet
268,2/5/18 20:42,-0.0836,tweet
269,2/5/18 15:08,0.8977,tweet
270,2/5/18 14:36,-0.8467,tweet
271,2/5/18 12:39,-0.8619,tweet
272,2/5/18 12:17,0.7088,tweet
273,2/5/18 12:11,-0.4951,tweet
274,2/5/18 3:54,0.9215,tweet
275,2/4/18 16:58,-0.3802,tweet
276,2/4/18 0:53,-0.5994,tweet
277,2/4/18 0:40,-0.765,tweet
278,2/4/18 0:26,0.4926,tweet
279,2/3/18 14:40,-0.7579,tweet
280,2/3/18 14:40,0.8999,tweet
281,2/3/18 13:44,0,tweet
282,2/3/18 13:39,0,tweet
283,2/2/18 22:26,0.8591,tweet
284,2/2/18 18:07,0,tweet
285,2/2/18 18:05,0.8252,tweet
286,2/2/18 11:49,0.8143,tweet
287,2/2/18 11:33,0.906,tweet
288,2/2/18 3:32,0.3164,tweet
289,2/1/18 12:02,0.8221,tweet
290,2/1/18 11:51,-0.636,tweet
291,2/1/18 11:43,0.8049,tweet
292,1/31/18 2:00,0.296,tweet
293,1/29/18 20:12,0.636,tweet
294,1/28/18 13:18,0.2481,tweet
295,1/28/18 13:18,-0.6399,tweet
296,1/28/18 4:08,0.2444,tweet
297,1/28/18 3:58,-0.2695,tweet
298,1/27/18 22:59,0.7861,tweet
299,1/27/18 19:30,-0.8955,tweet
300,1/27/18 11:55,0.8692,tweet
301,1/26/18 23:27,0.8588,tweet
302,1/26/18 17:16,-0.6996,tweet
303,1/26/18 17:12,0.7082,tweet
304,1/26/18 12:54,0.3595,tweet
305,1/26/18 11:23,0.9508,tweet
306,1/26/18 10:46,0.8221,tweet
307,1/26/18 10:11,0.5411,tweet
308,1/25/18 22:38,0.5267,tweet
309,1/25/18 18:03,0,tweet
310,1/25/18 17:25,0.9477,tweet
311,1/25/18 0:27,0.8599,tweet
312,1/24/18 22:51,0.9738,tweet
313,1/24/18 20:26,-0.3802,tweet
314,1/24/18 11:58,-0.5986,tweet
315,1/24/18 4:07,0.616,tweet
316,1/24/18 3:54,0.3164,tweet
317,1/23/18 14:16,0.968,tweet
318,1/23/18 13:34,0.8553,tweet
319,1/23/18 11:55,0.8016,tweet
320,1/23/18 11:51,0.8016,tweet
321,1/23/18 11:31,0.7177,tweet
322,1/23/18 4:30,0.9184,tweet
323,1/22/18 15:13,0,tweet
324,1/22/18 13:15,-0.6049,tweet
325,1/22/18 13:07,0.8655,tweet
326,1/22/18 1:21,0.6793,tweet
327,1/21/18 12:35,-0.2003,tweet
328,1/21/18 12:20,-0.2263,tweet
329,1/21/18 2:34,0,tweet
330,1/21/18 2:33,0,tweet
331,1/21/18 2:31,0,tweet
332,1/21/18 2:31,-0.6759,tweet
333,1/21/18 2:18,0,tweet
334,1/21/18 0:47,0.2714,tweet
335,1/21/18 0:40,0.4654,tweet
336,1/20/18 22:31,0.0752,tweet
337,1/20/18 18:51,0.9647,tweet
338,1/20/18 14:27,-0.2942,tweet
339,1/20/18 11:47,0,tweet
340,1/20/18 11:44,0.6688,tweet
341,1/20/18 11:33,0.4215,tweet
342,1/20/18 11:17,0.2047,tweet
343,1/20/18 2:28,0.9546,tweet
344,1/19/18 22:17,0.9595,tweet
345,1/19/18 20:53,0.3846,tweet
346,1/19/18 18:39,0.8016,tweet
347,1/19/18 16:28,-0.7778,tweet
348,1/19/18 16:14,0,tweet
349,1/19/18 12:04,-0.8622,tweet
350,1/18/18 23:39,0.3367,tweet
351,1/18/18 21:04,0.8814,tweet
352,1/18/18 20:45,0.92,tweet
353,1/18/18 13:49,-0.3382,tweet
354,1/18/18 13:37,0.3802,tweet
355,1/18/18 13:16,-0.2698,tweet
356,1/18/18 12:53,0.9273,tweet
357,1/18/18 11:25,-0.6239,tweet
358,1/18/18 11:15,0.25,tweet
359,1/18/18 1:11,0.6238,tweet
360,1/18/18 1:05,0.8823,tweet
361,1/18/18 1:00,-0.186,tweet
362,1/17/18 23:36,0.636,tweet
363,1/17/18 23:32,0.9577,tweet
364,1/17/18 23:28,0.9456,tweet
365,1/17/18 23:19,0.9265,tweet
366,1/17/18 13:04,0,tweet
367,1/16/18 23:20,0.4404,tweet
368,1/16/18 23:19,-0.2732,tweet
369,1/16/18 20:17,0.7574,tweet
370,1/16/18 19:43,0.6369,tweet
371,1/16/18 14:30,0.5093,tweet
372,1/16/18 14:24,0,tweet
373,1/16/18 14:19,-0.9689,tweet
374,1/16/18 14:07,-0.5838,tweet
375,1/16/18 13:54,0.7739,tweet
376,1/16/18 0:55,-0.296,tweet
377,1/16/18 0:53,-0.6921,tweet
378,1/16/18 0:53,0.886,tweet
379,1/16/18 0:52,-0.296,tweet
380,1/16/18 0:52,0.0813,tweet
381,1/16/18 0:50,0.5256,tweet
382,1/16/18 0:48,0,tweet
383,1/16/18 0:47,0.6369,tweet
384,1/15/18 20:28,-0.2244,tweet
385,1/15/18 16:01,0.743,tweet
386,1/15/18 13:02,0.6399,tweet
387,1/15/18 12:57,0.8338,tweet
388,1/14/18 13:59,0.0772,tweet
389,1/14/18 13:50,0.6144,tweet
390,1/14/18 13:19,0.919,tweet
391,1/14/18 13:09,-0.6921,tweet
392,1/14/18 13:04,-0.7564,tweet
393,1/14/18 13:01,-0.628,tweet
394,1/14/18 12:58,0.7003,tweet
395,1/14/18 3:50,0,tweet
396,1/14/18 3:49,-0.34,tweet
397,1/14/18 3:45,-0.891,tweet
398,1/14/18 3:42,0.7777,tweet
399,1/13/18 22:08,-0.6541,tweet
400,1/13/18 14:20,0.6797,tweet
401,1/13/18 14:20,-0.4199,tweet
402,1/13/18 13:14,0,tweet
403,1/13/18 13:14,0,tweet
404,1/13/18 13:13,-0.3382,tweet
405,1/12/18 17:56,0.9477,tweet
406,1/12/18 13:48,-0.5497,tweet
407,1/12/18 12:50,0.4819,tweet
408,1/12/18 12:28,-0.3164,tweet
409,1/12/18 12:20,0.9096,tweet
410,1/12/18 12:09,0.765,tweet
411,1/12/18 11:59,-0.7269,tweet
412,1/12/18 4:57,-0.3927,tweet
413,1/12/18 4:42,0.8832,tweet
414,1/12/18 3:01,-0.8777,tweet
415,1/12/18 2:53,0.8801,tweet
416,1/12/18 2:49,0.7897,tweet
417,1/12/18 2:47,0.7495,tweet
418,1/12/18 2:43,0.7717,tweet
419,1/11/18 23:27,0.6696,tweet
420,1/11/18 15:37,0.3525,tweet
421,1/11/18 14:14,-0.3365,tweet
422,1/11/18 13:11,-0.6908,tweet
423,1/11/18 12:33,-0.8804,tweet
424,1/11/18 11:43,0.0772,tweet
425,1/11/18 11:33,-0.6312,tweet
426,1/11/18 4:29,0.8103,tweet
427,1/10/18 23:37,0.7494,tweet
428,1/10/18 23:07,0.9151,tweet
429,1/10/18 21:31,0.967,tweet
430,1/10/18 20:08,0.837,tweet
431,1/10/18 15:14,-0.1759,tweet
432,1/10/18 15:00,-0.5667,tweet
433,1/10/18 14:11,-0.4173,tweet
434,1/10/18 4:23,0.9006,tweet
435,1/10/18 3:48,0.6476,tweet
436,1/10/18 0:16,0.8122,tweet
437,1/9/18 23:59,0.2732,tweet
438,1/9/18 23:07,0.9774,tweet
439,12/31/17 23:43,0.8968,tweet
440,12/31/17 22:18,0.8915,tweet
441,12/31/17 22:00,-0.6927,tweet
442,12/31/17 19:06,0.8862,tweet
443,12/31/17 18:36,0.6114,tweet
444,12/31/17 13:36,0.8903,tweet
445,12/31/17 13:26,0.7959,tweet
446,12/31/17 13:03,-0.68,tweet
447,12/31/17 4:46,0,tweet
448,12/30/17 22:42,0.2714,tweet
449,12/30/17 22:36,-0.9736,tweet
450,12/30/17 21:12,0.0516,tweet
451,12/30/17 19:02,-0.4574,tweet
452,12/30/17 19:00,0.4215,tweet
453,12/30/17 3:42,0.5093,tweet
454,12/29/17 13:16,-0.573,tweet
455,12/29/17 13:04,0.3164,tweet
456,12/29/17 12:50,0.4019,tweet
457,12/29/17 12:50,0,tweet
458,12/29/17 12:48,0.4404,tweet
459,12/29/17 12:48,0.5719,tweet
460,12/29/17 12:46,0.5845,tweet
461,12/29/17 0:01,0.6533,tweet
462,12/28/17 23:14,0.729,tweet
463,12/28/17 22:17,0,tweet
464,12/28/17 22:17,0.8221,tweet
465,12/28/17 22:17,0,tweet
466,12/28/17 22:16,0.1221,tweet
467,12/28/17 19:20,0,tweet
468,12/28/17 16:24,-0.8743,tweet
469,12/28/17 16:18,0.4926,tweet
470,12/28/17 15:24,0.2003,tweet
471,12/28/17 2:46,0,tweet
472,12/28/17 2:09,-0.1027,tweet
473,12/27/17 23:11,0.8777,tweet
474,12/27/17 22:49,-0.1027,tweet
475,12/26/17 22:17,0.9218,tweet
476,12/26/17 13:24,0.7027,tweet
477,12/26/17 11:58,-0.1742,tweet
478,12/25/17 23:33,0.908,tweet
479,12/25/17 23:28,0.4939,tweet
480,12/25/17 13:36,0.7277,tweet
481,12/25/17 3:51,0.7019,tweet
482,12/25/17 2:56,0.9612,tweet
483,12/24/17 20:35,0.3595,tweet
484,12/24/17 13:48,-0.1429,tweet
485,12/24/17 12:31,0.4738,tweet
486,12/24/17 12:25,0.3818,tweet
487,12/23/17 22:57,0.2942,tweet
488,12/23/17 22:44,-0.7922,tweet
489,12/23/17 20:32,0.5859,tweet
490,12/23/17 20:30,0.5386,tweet
491,12/23/17 20:27,0,tweet
492,12/23/17 20:03,0,tweet
493,12/22/17 22:11,-0.7645,tweet
494,12/22/17 20:47,0.6561,tweet
495,12/22/17 20:47,0.9305,tweet
496,12/22/17 18:40,0.9569,tweet
497,12/22/17 16:46,-0.6403,tweet
498,12/22/17 15:07,-0.1531,tweet
499,12/22/17 15:04,0.7277,tweet
500,12/22/17 14:17,0.5267,tweet
501,12/22/17 13:05,0.6239,tweet
502,12/22/17 12:50,0.5244,tweet
503,12/22/17 12:47,0.6727,tweet
504,12/21/17 18:16,0.854,tweet
505,12/21/17 14:52,0.4376,tweet
506,12/21/17 13:56,0.9013,tweet
507,12/21/17 12:45,0.6982,tweet
508,12/21/17 12:24,-0.919,tweet
509,12/20/17 21:44,0.729,tweet
510,12/20/17 18:09,0.628,tweet
511,12/20/17 17:30,0.729,tweet
512,12/20/17 16:39,0.8379,tweet
513,12/20/17 14:32,0.2223,tweet
514,12/20/17 6:09,0.1027,tweet
515,12/19/17 20:18,0.8883,tweet
516,12/19/17 15:07,0.8821,tweet
517,12/19/17 11:23,0.8675,tweet
518,12/19/17 11:04,0.729,tweet
519,12/19/17 0:54,0.7184,tweet
520,12/18/17 23:49,0.902,tweet
521,12/18/17 22:25,0.658,tweet
522,12/18/17 22:20,0.4199,tweet
523,12/18/17 22:18,0.5244,tweet
524,12/18/17 20:40,-0.7234,tweet
525,12/18/17 20:28,0.8283,tweet
526,12/18/17 20:19,0.8805,tweet
527,12/18/17 19:35,0.3597,tweet
528,12/18/17 18:51,0.4767,tweet
529,12/18/17 18:41,-0.2225,tweet
530,12/18/17 11:42,0,tweet
531,12/18/17 11:23,0.68,tweet
532,12/18/17 0:26,0.9382,tweet
533,12/17/17 21:13,0.831,tweet
534,12/17/17 17:01,-0.0857,tweet
535,12/16/17 20:31,0,tweet
536,12/16/17 20:05,0.3091,tweet
537,12/16/17 14:52,0.9633,tweet
538,12/16/17 3:12,0.8172,tweet
539,12/16/17 3:09,-0.0644,tweet
540,12/16/17 3:09,-0.296,tweet
541,12/16/17 3:08,0.1027,tweet
542,12/16/17 0:00,0,tweet
543,12/15/17 21:58,0.9406,tweet
544,12/15/17 19:48,0.9521,tweet
545,12/15/17 17:35,0.7118,tweet
546,12/15/17 13:55,0.7734,tweet
547,12/14/17 23:26,0,tweet
548,12/14/17 21:20,0.5423,tweet
549,12/14/17 20:35,0.9011,tweet
550,12/14/17 20:27,0.7906,tweet
551,12/14/17 20:13,-0.7978,tweet
552,12/14/17 17:05,0.914,tweet
553,12/14/17 12:59,0.2228,tweet
554,12/13/17 23:58,0.8478,tweet
555,12/13/17 14:45,0.7983,tweet
556,12/13/17 13:02,-0.4199,tweet
557,12/13/17 11:22,0.4374,tweet
558,12/13/17 4:08,0.9668,tweet